[{"model": "admin.logentry", "pk": 2, "fields": {"action_time": "2024-07-29T15:08:37.227Z", "user": 14, "content_type": 8, "object_id": "13", "object_repr": "priyanshushah64@gmail.com", "action_flag": 3, "change_message": ""}}, {"model": "admin.logentry", "pk": 3, "fields": {"action_time": "2024-07-29T15:09:35.082Z", "user": 14, "content_type": 8, "object_id": "15", "object_repr": "priyanshushah64@gmail.com", "action_flag": 3, "change_message": ""}}, {"model": "admin.logentry", "pk": 4, "fields": {"action_time": "2024-07-29T15:51:25.369Z", "user": 14, "content_type": 8, "object_id": "16", "object_repr": "priyanshushah64@gmail.com", "action_flag": 3, "change_message": ""}}, {"model": "admin.logentry", "pk": 5, "fields": {"action_time": "2024-07-29T15:54:21.034Z", "user": 14, "content_type": 8, "object_id": "17", "object_repr": "priyanshushah64@gmail.com", "action_flag": 3, "change_message": ""}}, {"model": "admin.logentry", "pk": 6, "fields": {"action_time": "2024-07-29T15:57:13.227Z", "user": 14, "content_type": 8, "object_id": "18", "object_repr": "priyanshushah64@gmail.com", "action_flag": 3, "change_message": ""}}, {"model": "admin.logentry", "pk": 7, "fields": {"action_time": "2024-07-29T16:05:05.331Z", "user": 14, "content_type": 8, "object_id": "19", "object_repr": "priyanshushah64@gmail.com", "action_flag": 3, "change_message": ""}}, {"model": "admin.logentry", "pk": 8, "fields": {"action_time": "2024-07-29T16:05:05.339Z", "user": 14, "content_type": 8, "object_id": "20", "object_repr": "remon@gmail.com", "action_flag": 3, "change_message": ""}}, {"model": "admin.logentry", "pk": 9, "fields": {"action_time": "2024-07-29T16:07:15.256Z", "user": 14, "content_type": 8, "object_id": "21", "object_repr": "priyanshushah64@gmail.com", "action_flag": 3, "change_message": ""}}, {"model": "admin.logentry", "pk": 10, "fields": {"action_time": "2024-07-29T16:08:01.168Z", "user": 14, "content_type": 8, "object_id": "22", "object_repr": "priyanshushah64@gmail.com", "action_flag": 3, "change_message": ""}}, {"model": "admin.logentry", "pk": 11, "fields": {"action_time": "2024-07-29T16:08:54.153Z", "user": 14, "content_type": 8, "object_id": "23", "object_repr": "priyanshushah64@gmail.com", "action_flag": 3, "change_message": ""}}, {"model": "admin.logentry", "pk": 12, "fields": {"action_time": "2024-07-30T05:39:12.888Z", "user": 14, "content_type": 8, "object_id": "24", "object_repr": "priyanshushah64@gmail.com", "action_flag": 3, "change_message": ""}}, {"model": "admin.logentry", "pk": 13, "fields": {"action_time": "2024-07-31T09:06:09.526Z", "user": 14, "content_type": 8, "object_id": "27", "object_repr": "priyanshushah64@gmail.com", "action_flag": 3, "change_message": ""}}, {"model": "admin.logentry", "pk": 14, "fields": {"action_time": "2024-07-31T13:34:18.676Z", "user": 14, "content_type": 12, "object_id": "2", "object_repr": "Hiii (Article)", "action_flag": 1, "change_message": "[{\"added\": {}}]"}}, {"model": "admin.logentry", "pk": 15, "fields": {"action_time": "2024-07-31T13:34:27.999Z", "user": 14, "content_type": 12, "object_id": "3", "object_repr": "Article1 (Article)", "action_flag": 1, "change_message": "[{\"added\": {}}]"}}, {"model": "admin.logentry", "pk": 16, "fields": {"action_time": "2024-07-31T13:34:31.140Z", "user": 14, "content_type": 12, "object_id": "4", "object_repr": "Article2 (Article)", "action_flag": 1, "change_message": "[{\"added\": {}}]"}}, {"model": "admin.logentry", "pk": 17, "fields": {"action_time": "2024-07-31T13:34:33.963Z", "user": 14, "content_type": 12, "object_id": "5", "object_repr": "Article3 (Article)", "action_flag": 1, "change_message": "[{\"added\": {}}]"}}, {"model": "admin.logentry", "pk": 18, "fields": {"action_time": "2024-07-31T13:34:36.923Z", "user": 14, "content_type": 12, "object_id": "6", "object_repr": "Article5 (Article)", "action_flag": 1, "change_message": "[{\"added\": {}}]"}}, {"model": "admin.logentry", "pk": 19, "fields": {"action_time": "2024-07-31T13:34:40.195Z", "user": 14, "content_type": 12, "object_id": "7", "object_repr": "Article6 (Article)", "action_flag": 1, "change_message": "[{\"added\": {}}]"}}, {"model": "admin.logentry", "pk": 20, "fields": {"action_time": "2024-07-31T13:34:43.104Z", "user": 14, "content_type": 12, "object_id": "8", "object_repr": "Article7 (Article)", "action_flag": 1, "change_message": "[{\"added\": {}}]"}}, {"model": "admin.logentry", "pk": 21, "fields": {"action_time": "2024-07-31T13:34:46.515Z", "user": 14, "content_type": 12, "object_id": "9", "object_repr": "Article8 (Article)", "action_flag": 1, "change_message": "[{\"added\": {}}]"}}, {"model": "admin.logentry", "pk": 22, "fields": {"action_time": "2024-08-03T07:27:05.412Z", "user": 14, "content_type": 30, "object_id": "1", "object_repr": "Forms", "action_flag": 1, "change_message": "[{\"added\": {}}]"}}, {"model": "admin.logentry", "pk": 23, "fields": {"action_time": "2024-08-03T07:27:13.869Z", "user": 14, "content_type": 30, "object_id": "2", "object_repr": "Callss", "action_flag": 1, "change_message": "[{\"added\": {}}]"}}, {"model": "admin.logentry", "pk": 24, "fields": {"action_time": "2024-08-03T07:27:41.675Z", "user": 14, "content_type": 23, "object_id": "24", "object_repr": "PropertiesSubCategory object (24)", "action_flag": 2, "change_message": "[{\"changed\": {\"fields\": [\"Enquiry type\"]}}]"}}, {"model": "admin.logentry", "pk": 25, "fields": {"action_time": "2024-08-03T07:27:55.047Z", "user": 14, "content_type": 23, "object_id": "25", "object_repr": "PropertiesSubCategory object (25)", "action_flag": 2, "change_message": "[{\"changed\": {\"fields\": [\"Ad title\"]}}]"}}, {"model": "admin.logentry", "pk": 26, "fields": {"action_time": "2024-08-03T07:28:14.958Z", "user": 14, "content_type": 23, "object_id": "25", "object_repr": "PropertiesSubCategory object (25)", "action_flag": 2, "change_message": "[{\"changed\": {\"fields\": [\"Enquiry type\"]}}]"}}, {"model": "admin.logentry", "pk": 27, "fields": {"action_time": "2024-08-03T07:46:22.372Z", "user": 14, "content_type": 30, "object_id": "1", "object_repr": "forms", "action_flag": 2, "change_message": "[{\"changed\": {\"fields\": [\"Name\"]}}]"}}, {"model": "admin.logentry", "pk": 28, "fields": {"action_time": "2024-08-03T17:15:35.958Z", "user": 14, "content_type": 23, "object_id": "27", "object_repr": "PropertiesSubCategory object (27)", "action_flag": 2, "change_message": "[{\"changed\": {\"fields\": [\"Description\", \"Transaction\"]}}]"}}, {"model": "admin.logentry", "pk": 29, "fields": {"action_time": "2024-08-04T06:29:21.722Z", "user": 14, "content_type": 23, "object_id": "28", "object_repr": "PropertiesSubCategory object (28)", "action_flag": 2, "change_message": "[{\"changed\": {\"fields\": [\"Tags\"]}}]"}}, {"model": "auth.permission", "pk": 1, "fields": {"name": "Can add log entry", "content_type": 1, "codename": "add_logentry"}}, {"model": "auth.permission", "pk": 2, "fields": {"name": "Can change log entry", "content_type": 1, "codename": "change_logentry"}}, {"model": "auth.permission", "pk": 3, "fields": {"name": "Can delete log entry", "content_type": 1, "codename": "delete_logentry"}}, {"model": "auth.permission", "pk": 4, "fields": {"name": "Can view log entry", "content_type": 1, "codename": "view_logentry"}}, {"model": "auth.permission", "pk": 5, "fields": {"name": "Can add permission", "content_type": 2, "codename": "add_permission"}}, {"model": "auth.permission", "pk": 6, "fields": {"name": "Can change permission", "content_type": 2, "codename": "change_permission"}}, {"model": "auth.permission", "pk": 7, "fields": {"name": "Can delete permission", "content_type": 2, "codename": "delete_permission"}}, {"model": "auth.permission", "pk": 8, "fields": {"name": "Can view permission", "content_type": 2, "codename": "view_permission"}}, {"model": "auth.permission", "pk": 9, "fields": {"name": "Can add group", "content_type": 3, "codename": "add_group"}}, {"model": "auth.permission", "pk": 10, "fields": {"name": "Can change group", "content_type": 3, "codename": "change_group"}}, {"model": "auth.permission", "pk": 11, "fields": {"name": "Can delete group", "content_type": 3, "codename": "delete_group"}}, {"model": "auth.permission", "pk": 12, "fields": {"name": "Can view group", "content_type": 3, "codename": "view_group"}}, {"model": "auth.permission", "pk": 13, "fields": {"name": "Can add content type", "content_type": 4, "codename": "add_contenttype"}}, {"model": "auth.permission", "pk": 14, "fields": {"name": "Can change content type", "content_type": 4, "codename": "change_contenttype"}}, {"model": "auth.permission", "pk": 15, "fields": {"name": "Can delete content type", "content_type": 4, "codename": "delete_contenttype"}}, {"model": "auth.permission", "pk": 16, "fields": {"name": "Can view content type", "content_type": 4, "codename": "view_contenttype"}}, {"model": "auth.permission", "pk": 17, "fields": {"name": "Can add session", "content_type": 5, "codename": "add_session"}}, {"model": "auth.permission", "pk": 18, "fields": {"name": "Can change session", "content_type": 5, "codename": "change_session"}}, {"model": "auth.permission", "pk": 19, "fields": {"name": "Can delete session", "content_type": 5, "codename": "delete_session"}}, {"model": "auth.permission", "pk": 20, "fields": {"name": "Can view session", "content_type": 5, "codename": "view_session"}}, {"model": "auth.permission", "pk": 21, "fields": {"name": "Can add country code", "content_type": 6, "codename": "add_countrycode"}}, {"model": "auth.permission", "pk": 22, "fields": {"name": "Can change country code", "content_type": 6, "codename": "change_countrycode"}}, {"model": "auth.permission", "pk": 23, "fields": {"name": "Can delete country code", "content_type": 6, "codename": "delete_countrycode"}}, {"model": "auth.permission", "pk": 24, "fields": {"name": "Can view country code", "content_type": 6, "codename": "view_countrycode"}}, {"model": "auth.permission", "pk": 25, "fields": {"name": "Can add title description", "content_type": 7, "codename": "add_titledescription"}}, {"model": "auth.permission", "pk": 26, "fields": {"name": "Can change title description", "content_type": 7, "codename": "change_titledescription"}}, {"model": "auth.permission", "pk": 27, "fields": {"name": "Can delete title description", "content_type": 7, "codename": "delete_titledescription"}}, {"model": "auth.permission", "pk": 28, "fields": {"name": "Can view title description", "content_type": 7, "codename": "view_titledescription"}}, {"model": "auth.permission", "pk": 29, "fields": {"name": "Can add user model", "content_type": 8, "codename": "add_usermodel"}}, {"model": "auth.permission", "pk": 30, "fields": {"name": "Can change user model", "content_type": 8, "codename": "change_usermodel"}}, {"model": "auth.permission", "pk": 31, "fields": {"name": "Can delete user model", "content_type": 8, "codename": "delete_usermodel"}}, {"model": "auth.permission", "pk": 32, "fields": {"name": "Can view user model", "content_type": 8, "codename": "view_usermodel"}}, {"model": "auth.permission", "pk": 33, "fields": {"name": "Can add title description state", "content_type": 9, "codename": "add_titledescriptionstate"}}, {"model": "auth.permission", "pk": 34, "fields": {"name": "Can change title description state", "content_type": 9, "codename": "change_titledescriptionstate"}}, {"model": "auth.permission", "pk": 35, "fields": {"name": "Can delete title description state", "content_type": 9, "codename": "delete_titledescriptionstate"}}, {"model": "auth.permission", "pk": 36, "fields": {"name": "Can view title description state", "content_type": 9, "codename": "view_titledescriptionstate"}}, {"model": "auth.permission", "pk": 37, "fields": {"name": "Can add ad banner", "content_type": 10, "codename": "add_adbanner"}}, {"model": "auth.permission", "pk": 38, "fields": {"name": "Can change ad banner", "content_type": 10, "codename": "change_adbanner"}}, {"model": "auth.permission", "pk": 39, "fields": {"name": "Can delete ad banner", "content_type": 10, "codename": "delete_adbanner"}}, {"model": "auth.permission", "pk": 40, "fields": {"name": "Can view ad banner", "content_type": 10, "codename": "view_adbanner"}}, {"model": "auth.permission", "pk": 41, "fields": {"name": "Can add article sub category", "content_type": 11, "codename": "add_articlesubcategory"}}, {"model": "auth.permission", "pk": 42, "fields": {"name": "Can change article sub category", "content_type": 11, "codename": "change_articlesubcategory"}}, {"model": "auth.permission", "pk": 43, "fields": {"name": "Can delete article sub category", "content_type": 11, "codename": "delete_articlesubcategory"}}, {"model": "auth.permission", "pk": 44, "fields": {"name": "Can view article sub category", "content_type": 11, "codename": "view_articlesubcategory"}}, {"model": "auth.permission", "pk": 45, "fields": {"name": "Can add category", "content_type": 12, "codename": "add_category"}}, {"model": "auth.permission", "pk": 46, "fields": {"name": "Can change category", "content_type": 12, "codename": "change_category"}}, {"model": "auth.permission", "pk": 47, "fields": {"name": "Can delete category", "content_type": 12, "codename": "delete_category"}}, {"model": "auth.permission", "pk": 48, "fields": {"name": "Can view category", "content_type": 12, "codename": "view_category"}}, {"model": "auth.permission", "pk": 49, "fields": {"name": "Can add city", "content_type": 13, "codename": "add_city"}}, {"model": "auth.permission", "pk": 50, "fields": {"name": "Can change city", "content_type": 13, "codename": "change_city"}}, {"model": "auth.permission", "pk": 51, "fields": {"name": "Can delete city", "content_type": 13, "codename": "delete_city"}}, {"model": "auth.permission", "pk": 52, "fields": {"name": "Can view city", "content_type": 13, "codename": "view_city"}}, {"model": "auth.permission", "pk": 53, "fields": {"name": "Can add company sub category", "content_type": 14, "codename": "add_companysubcategory"}}, {"model": "auth.permission", "pk": 54, "fields": {"name": "Can change company sub category", "content_type": 14, "codename": "change_companysubcategory"}}, {"model": "auth.permission", "pk": 55, "fields": {"name": "Can delete company sub category", "content_type": 14, "codename": "delete_companysubcategory"}}, {"model": "auth.permission", "pk": 56, "fields": {"name": "Can view company sub category", "content_type": 14, "codename": "view_companysubcategory"}}, {"model": "auth.permission", "pk": 57, "fields": {"name": "Can add enquiry model", "content_type": 15, "codename": "add_enquirymodel"}}, {"model": "auth.permission", "pk": 58, "fields": {"name": "Can change enquiry model", "content_type": 15, "codename": "change_enquirymodel"}}, {"model": "auth.permission", "pk": 59, "fields": {"name": "Can delete enquiry model", "content_type": 15, "codename": "delete_enquirymodel"}}, {"model": "auth.permission", "pk": 60, "fields": {"name": "Can view enquiry model", "content_type": 15, "codename": "view_enquirymodel"}}, {"model": "auth.permission", "pk": 61, "fields": {"name": "Can add footer banners", "content_type": 16, "codename": "add_footerbanners"}}, {"model": "auth.permission", "pk": 62, "fields": {"name": "Can change footer banners", "content_type": 16, "codename": "change_footerbanners"}}, {"model": "auth.permission", "pk": 63, "fields": {"name": "Can delete footer banners", "content_type": 16, "codename": "delete_footerbanners"}}, {"model": "auth.permission", "pk": 64, "fields": {"name": "Can view footer banners", "content_type": 16, "codename": "view_footerbanners"}}, {"model": "auth.permission", "pk": 65, "fields": {"name": "Can add general sub category", "content_type": 17, "codename": "add_generalsubcategory"}}, {"model": "auth.permission", "pk": 66, "fields": {"name": "Can change general sub category", "content_type": 17, "codename": "change_generalsubcategory"}}, {"model": "auth.permission", "pk": 67, "fields": {"name": "Can delete general sub category", "content_type": 17, "codename": "delete_generalsubcategory"}}, {"model": "auth.permission", "pk": 68, "fields": {"name": "Can view general sub category", "content_type": 17, "codename": "view_generalsubcategory"}}, {"model": "auth.permission", "pk": 69, "fields": {"name": "Can add jobs sub category", "content_type": 18, "codename": "add_jobssubcategory"}}, {"model": "auth.permission", "pk": 70, "fields": {"name": "Can change jobs sub category", "content_type": 18, "codename": "change_jobssubcategory"}}, {"model": "auth.permission", "pk": 71, "fields": {"name": "Can delete jobs sub category", "content_type": 18, "codename": "delete_jobssubcategory"}}, {"model": "auth.permission", "pk": 72, "fields": {"name": "Can view jobs sub category", "content_type": 18, "codename": "view_jobssubcategory"}}, {"model": "auth.permission", "pk": 73, "fields": {"name": "Can add motor brand", "content_type": 19, "codename": "add_motorbrand"}}, {"model": "auth.permission", "pk": 74, "fields": {"name": "Can change motor brand", "content_type": 19, "codename": "change_motorbrand"}}, {"model": "auth.permission", "pk": 75, "fields": {"name": "Can delete motor brand", "content_type": 19, "codename": "delete_motorbrand"}}, {"model": "auth.permission", "pk": 76, "fields": {"name": "Can view motor brand", "content_type": 19, "codename": "view_motorbrand"}}, {"model": "auth.permission", "pk": 77, "fields": {"name": "Can add motor model", "content_type": 20, "codename": "add_motormodel"}}, {"model": "auth.permission", "pk": 78, "fields": {"name": "Can change motor model", "content_type": 20, "codename": "change_motormodel"}}, {"model": "auth.permission", "pk": 79, "fields": {"name": "Can delete motor model", "content_type": 20, "codename": "delete_motormodel"}}, {"model": "auth.permission", "pk": 80, "fields": {"name": "Can view motor model", "content_type": 20, "codename": "view_motormodel"}}, {"model": "auth.permission", "pk": 81, "fields": {"name": "Can add motor sub category", "content_type": 21, "codename": "add_motorsubcategory"}}, {"model": "auth.permission", "pk": 82, "fields": {"name": "Can change motor sub category", "content_type": 21, "codename": "change_motorsubcategory"}}, {"model": "auth.permission", "pk": 83, "fields": {"name": "Can delete motor sub category", "content_type": 21, "codename": "delete_motorsubcategory"}}, {"model": "auth.permission", "pk": 84, "fields": {"name": "Can view motor sub category", "content_type": 21, "codename": "view_motorsubcategory"}}, {"model": "auth.permission", "pk": 85, "fields": {"name": "Can add plan creation", "content_type": 22, "codename": "add_plancreation"}}, {"model": "auth.permission", "pk": 86, "fields": {"name": "Can change plan creation", "content_type": 22, "codename": "change_plancreation"}}, {"model": "auth.permission", "pk": 87, "fields": {"name": "Can delete plan creation", "content_type": 22, "codename": "delete_plancreation"}}, {"model": "auth.permission", "pk": 88, "fields": {"name": "Can view plan creation", "content_type": 22, "codename": "view_plancreation"}}, {"model": "auth.permission", "pk": 89, "fields": {"name": "Can add properties sub category", "content_type": 23, "codename": "add_propertiessubcategory"}}, {"model": "auth.permission", "pk": 90, "fields": {"name": "Can change properties sub category", "content_type": 23, "codename": "change_propertiessubcategory"}}, {"model": "auth.permission", "pk": 91, "fields": {"name": "Can delete properties sub category", "content_type": 23, "codename": "delete_propertiessubcategory"}}, {"model": "auth.permission", "pk": 92, "fields": {"name": "Can view properties sub category", "content_type": 23, "codename": "view_propertiessubcategory"}}, {"model": "auth.permission", "pk": 93, "fields": {"name": "Can add state", "content_type": 24, "codename": "add_state"}}, {"model": "auth.permission", "pk": 94, "fields": {"name": "Can change state", "content_type": 24, "codename": "change_state"}}, {"model": "auth.permission", "pk": 95, "fields": {"name": "Can delete state", "content_type": 24, "codename": "delete_state"}}, {"model": "auth.permission", "pk": 96, "fields": {"name": "Can view state", "content_type": 24, "codename": "view_state"}}, {"model": "auth.permission", "pk": 97, "fields": {"name": "Can add sub category images", "content_type": 25, "codename": "add_subcategoryimages"}}, {"model": "auth.permission", "pk": 98, "fields": {"name": "Can change sub category images", "content_type": 25, "codename": "change_subcategoryimages"}}, {"model": "auth.permission", "pk": 99, "fields": {"name": "Can delete sub category images", "content_type": 25, "codename": "delete_subcategoryimages"}}, {"model": "auth.permission", "pk": 100, "fields": {"name": "Can view sub category images", "content_type": 25, "codename": "view_subcategoryimages"}}, {"model": "auth.permission", "pk": 101, "fields": {"name": "Can add sub category model", "content_type": 26, "codename": "add_subcategorymodel"}}, {"model": "auth.permission", "pk": 102, "fields": {"name": "Can change sub category model", "content_type": 26, "codename": "change_subcategorymodel"}}, {"model": "auth.permission", "pk": 103, "fields": {"name": "Can delete sub category model", "content_type": 26, "codename": "delete_subcategorymodel"}}, {"model": "auth.permission", "pk": 104, "fields": {"name": "Can view sub category model", "content_type": 26, "codename": "view_subcategorymodel"}}, {"model": "auth.permission", "pk": 105, "fields": {"name": "Can add sub category type", "content_type": 27, "codename": "add_subcategorytype"}}, {"model": "auth.permission", "pk": 106, "fields": {"name": "Can change sub category type", "content_type": 27, "codename": "change_subcategorytype"}}, {"model": "auth.permission", "pk": 107, "fields": {"name": "Can delete sub category type", "content_type": 27, "codename": "delete_subcategorytype"}}, {"model": "auth.permission", "pk": 108, "fields": {"name": "Can view sub category type", "content_type": 27, "codename": "view_subcategorytype"}}, {"model": "auth.permission", "pk": 109, "fields": {"name": "Can add tags model", "content_type": 28, "codename": "add_tagsmodel"}}, {"model": "auth.permission", "pk": 110, "fields": {"name": "Can change tags model", "content_type": 28, "codename": "change_tagsmodel"}}, {"model": "auth.permission", "pk": 111, "fields": {"name": "Can delete tags model", "content_type": 28, "codename": "delete_tagsmodel"}}, {"model": "auth.permission", "pk": 112, "fields": {"name": "Can view tags model", "content_type": 28, "codename": "view_tagsmodel"}}, {"model": "auth.permission", "pk": 113, "fields": {"name": "Can add transaction model", "content_type": 29, "codename": "add_transactionmodel"}}, {"model": "auth.permission", "pk": 114, "fields": {"name": "Can change transaction model", "content_type": 29, "codename": "change_transactionmodel"}}, {"model": "auth.permission", "pk": 115, "fields": {"name": "Can delete transaction model", "content_type": 29, "codename": "delete_transactionmodel"}}, {"model": "auth.permission", "pk": 116, "fields": {"name": "Can view transaction model", "content_type": 29, "codename": "view_transactionmodel"}}, {"model": "auth.permission", "pk": 117, "fields": {"name": "Can add enquiry type model", "content_type": 30, "codename": "add_enquirytypemodel"}}, {"model": "auth.permission", "pk": 118, "fields": {"name": "Can change enquiry type model", "content_type": 30, "codename": "change_enquirytypemodel"}}, {"model": "auth.permission", "pk": 119, "fields": {"name": "Can delete enquiry type model", "content_type": 30, "codename": "delete_enquirytypemodel"}}, {"model": "auth.permission", "pk": 120, "fields": {"name": "Can view enquiry type model", "content_type": 30, "codename": "view_enquirytypemodel"}}, {"model": "auth.permission", "pk": 121, "fields": {"name": "Can add fuel model", "content_type": 31, "codename": "add_fuelmodel"}}, {"model": "auth.permission", "pk": 122, "fields": {"name": "Can change fuel model", "content_type": 31, "codename": "change_fuelmodel"}}, {"model": "auth.permission", "pk": 123, "fields": {"name": "Can delete fuel model", "content_type": 31, "codename": "delete_fuelmodel"}}, {"model": "auth.permission", "pk": 124, "fields": {"name": "Can view fuel model", "content_type": 31, "codename": "view_fuelmodel"}}, {"model": "auth.permission", "pk": 125, "fields": {"name": "Can add listed by model", "content_type": 32, "codename": "add_listedbymodel"}}, {"model": "auth.permission", "pk": 126, "fields": {"name": "Can change listed by model", "content_type": 32, "codename": "change_listedbymodel"}}, {"model": "auth.permission", "pk": 127, "fields": {"name": "Can delete listed by model", "content_type": 32, "codename": "delete_listedbymodel"}}, {"model": "auth.permission", "pk": 128, "fields": {"name": "Can view listed by model", "content_type": 32, "codename": "view_listedbymodel"}}, {"model": "auth.permission", "pk": 129, "fields": {"name": "Can add transmission model", "content_type": 33, "codename": "add_transmissionmodel"}}, {"model": "auth.permission", "pk": 130, "fields": {"name": "Can change transmission model", "content_type": 33, "codename": "change_transmissionmodel"}}, {"model": "auth.permission", "pk": 131, "fields": {"name": "Can delete transmission model", "content_type": 33, "codename": "delete_transmissionmodel"}}, {"model": "auth.permission", "pk": 132, "fields": {"name": "Can view transmission model", "content_type": 33, "codename": "view_transmissionmodel"}}, {"model": "auth.permission", "pk": 133, "fields": {"name": "Can add default country", "content_type": 34, "codename": "add_defaultcountry"}}, {"model": "auth.permission", "pk": 134, "fields": {"name": "Can change default country", "content_type": 34, "codename": "change_defaultcountry"}}, {"model": "auth.permission", "pk": 135, "fields": {"name": "Can delete default country", "content_type": 34, "codename": "delete_defaultcountry"}}, {"model": "auth.permission", "pk": 136, "fields": {"name": "Can view default country", "content_type": 34, "codename": "view_defaultcountry"}}, {"model": "auth.permission", "pk": 137, "fields": {"name": "Can add car parking model", "content_type": 35, "codename": "add_carparkingmodel"}}, {"model": "auth.permission", "pk": 138, "fields": {"name": "Can change car parking model", "content_type": 35, "codename": "change_carparkingmodel"}}, {"model": "auth.permission", "pk": 139, "fields": {"name": "Can delete car parking model", "content_type": 35, "codename": "delete_carparkingmodel"}}, {"model": "auth.permission", "pk": 140, "fields": {"name": "Can view car parking model", "content_type": 35, "codename": "view_carparkingmodel"}}, {"model": "auth.permission", "pk": 141, "fields": {"name": "Can add construction type model", "content_type": 36, "codename": "add_constructiontypemodel"}}, {"model": "auth.permission", "pk": 142, "fields": {"name": "Can change construction type model", "content_type": 36, "codename": "change_constructiontypemodel"}}, {"model": "auth.permission", "pk": 143, "fields": {"name": "Can delete construction type model", "content_type": 36, "codename": "delete_constructiontypemodel"}}, {"model": "auth.permission", "pk": 144, "fields": {"name": "Can view construction type model", "content_type": 36, "codename": "view_constructiontypemodel"}}, {"model": "auth.permission", "pk": 145, "fields": {"name": "Can add furniture model", "content_type": 37, "codename": "add_furnituremodel"}}, {"model": "auth.permission", "pk": 146, "fields": {"name": "Can change furniture model", "content_type": 37, "codename": "change_furnituremodel"}}, {"model": "auth.permission", "pk": 147, "fields": {"name": "Can delete furniture model", "content_type": 37, "codename": "delete_furnituremodel"}}, {"model": "auth.permission", "pk": 148, "fields": {"name": "Can view furniture model", "content_type": 37, "codename": "view_furnituremodel"}}, {"model": "auth.permission", "pk": 149, "fields": {"name": "Can add rooms model", "content_type": 38, "codename": "add_roomsmodel"}}, {"model": "auth.permission", "pk": 150, "fields": {"name": "Can change rooms model", "content_type": 38, "codename": "change_roomsmodel"}}, {"model": "auth.permission", "pk": 151, "fields": {"name": "Can delete rooms model", "content_type": 38, "codename": "delete_roomsmodel"}}, {"model": "auth.permission", "pk": 152, "fields": {"name": "Can view rooms model", "content_type": 38, "codename": "view_roomsmodel"}}, {"model": "auth.permission", "pk": 153, "fields": {"name": "Can add area unit model", "content_type": 39, "codename": "add_areaunitmodel"}}, {"model": "auth.permission", "pk": 154, "fields": {"name": "Can change area unit model", "content_type": 39, "codename": "change_areaunitmodel"}}, {"model": "auth.permission", "pk": 155, "fields": {"name": "Can delete area unit model", "content_type": 39, "codename": "delete_areaunitmodel"}}, {"model": "auth.permission", "pk": 156, "fields": {"name": "Can view area unit model", "content_type": 39, "codename": "view_areaunitmodel"}}, {"model": "auth.permission", "pk": 157, "fields": {"name": "Can add plan features model", "content_type": 40, "codename": "add_planfeaturesmodel"}}, {"model": "auth.permission", "pk": 158, "fields": {"name": "Can change plan features model", "content_type": 40, "codename": "change_planfeaturesmodel"}}, {"model": "auth.permission", "pk": 159, "fields": {"name": "Can delete plan features model", "content_type": 40, "codename": "delete_planfeaturesmodel"}}, {"model": "auth.permission", "pk": 160, "fields": {"name": "Can view plan features model", "content_type": 40, "codename": "view_planfeaturesmodel"}}, {"model": "contenttypes.contenttype", "pk": 1, "fields": {"app_label": "admin", "model": "logentry"}}, {"model": "contenttypes.contenttype", "pk": 2, "fields": {"app_label": "auth", "model": "permission"}}, {"model": "contenttypes.contenttype", "pk": 3, "fields": {"app_label": "auth", "model": "group"}}, {"model": "contenttypes.contenttype", "pk": 4, "fields": {"app_label": "contenttypes", "model": "contenttype"}}, {"model": "contenttypes.contenttype", "pk": 5, "fields": {"app_label": "sessions", "model": "session"}}, {"model": "contenttypes.contenttype", "pk": 6, "fields": {"app_label": "users", "model": "countrycode"}}, {"model": "contenttypes.contenttype", "pk": 7, "fields": {"app_label": "users", "model": "titledescription"}}, {"model": "contenttypes.contenttype", "pk": 8, "fields": {"app_label": "users", "model": "usermodel"}}, {"model": "contenttypes.contenttype", "pk": 9, "fields": {"app_label": "users", "model": "titledescriptionstate"}}, {"model": "contenttypes.contenttype", "pk": 10, "fields": {"app_label": "features", "model": "adbanner"}}, {"model": "contenttypes.contenttype", "pk": 11, "fields": {"app_label": "features", "model": "articlesubcategory"}}, {"model": "contenttypes.contenttype", "pk": 12, "fields": {"app_label": "features", "model": "category"}}, {"model": "contenttypes.contenttype", "pk": 13, "fields": {"app_label": "features", "model": "city"}}, {"model": "contenttypes.contenttype", "pk": 14, "fields": {"app_label": "features", "model": "companysubcategory"}}, {"model": "contenttypes.contenttype", "pk": 15, "fields": {"app_label": "features", "model": "enquirymodel"}}, {"model": "contenttypes.contenttype", "pk": 16, "fields": {"app_label": "features", "model": "footerbanners"}}, {"model": "contenttypes.contenttype", "pk": 17, "fields": {"app_label": "features", "model": "generalsubcategory"}}, {"model": "contenttypes.contenttype", "pk": 18, "fields": {"app_label": "features", "model": "jobssubcategory"}}, {"model": "contenttypes.contenttype", "pk": 19, "fields": {"app_label": "features", "model": "motorbrand"}}, {"model": "contenttypes.contenttype", "pk": 20, "fields": {"app_label": "features", "model": "motormodel"}}, {"model": "contenttypes.contenttype", "pk": 21, "fields": {"app_label": "features", "model": "motorsubcategory"}}, {"model": "contenttypes.contenttype", "pk": 22, "fields": {"app_label": "features", "model": "plancreation"}}, {"model": "contenttypes.contenttype", "pk": 23, "fields": {"app_label": "features", "model": "propertiessubcategory"}}, {"model": "contenttypes.contenttype", "pk": 24, "fields": {"app_label": "features", "model": "state"}}, {"model": "contenttypes.contenttype", "pk": 25, "fields": {"app_label": "features", "model": "subcategoryimages"}}, {"model": "contenttypes.contenttype", "pk": 26, "fields": {"app_label": "features", "model": "subcategorymodel"}}, {"model": "contenttypes.contenttype", "pk": 27, "fields": {"app_label": "features", "model": "subcategorytype"}}, {"model": "contenttypes.contenttype", "pk": 28, "fields": {"app_label": "features", "model": "tagsmodel"}}, {"model": "contenttypes.contenttype", "pk": 29, "fields": {"app_label": "features", "model": "transactionmodel"}}, {"model": "contenttypes.contenttype", "pk": 30, "fields": {"app_label": "features", "model": "enquirytypemodel"}}, {"model": "contenttypes.contenttype", "pk": 31, "fields": {"app_label": "features", "model": "fuelmodel"}}, {"model": "contenttypes.contenttype", "pk": 32, "fields": {"app_label": "features", "model": "listedbymodel"}}, {"model": "contenttypes.contenttype", "pk": 33, "fields": {"app_label": "features", "model": "transmissionmodel"}}, {"model": "contenttypes.contenttype", "pk": 34, "fields": {"app_label": "users", "model": "defaultcountry"}}, {"model": "contenttypes.contenttype", "pk": 35, "fields": {"app_label": "features", "model": "carparkingmodel"}}, {"model": "contenttypes.contenttype", "pk": 36, "fields": {"app_label": "features", "model": "constructiontypemodel"}}, {"model": "contenttypes.contenttype", "pk": 37, "fields": {"app_label": "features", "model": "furnituremodel"}}, {"model": "contenttypes.contenttype", "pk": 38, "fields": {"app_label": "features", "model": "roomsmodel"}}, {"model": "contenttypes.contenttype", "pk": 39, "fields": {"app_label": "features", "model": "areaunitmodel"}}, {"model": "contenttypes.contenttype", "pk": 40, "fields": {"app_label": "features", "model": "planfeaturesmodel"}}, {"model": "sessions.session", "pk": "3epke20y8l2ro10jhamiaudyjh7gsoyu", "fields": {"session_data": "eyJzZWxlY3RlZF9zdWJfY2F0ZWdvcnkiOm51bGx9:1sZ1vf:atSxc8JHUOoyprPfWGU8xD8fsm20eoy1JR45cfDR_34", "expire_date": "2024-08-14T05:31:15.492Z"}}, {"model": "sessions.session", "pk": "nntekxeqf0cwukm2dg6litkbc1sf5bah", "fields": {"session_data": ".eJxVjMsOwiAURP-FtSEFyqMu3fsNBC6XtkogKbAwxn-3TbrQ3WTmzHkT63pbbK-42TWQK2Hk8tt5B0_MxxAeLs-FQsltWz09EHquld5LwHQ72T_B4uqyvznDERxKISIfJvCSKSekiMgFcG24iuMA0ShtmPCTHiJqyXBPRglpYNylFRNCw2Br9xZcw7lsL3LNPaXPF7BJQjU:1sXDko:nN29kyQ6x8QnJ6jW1Ay7MHUC9s9-ciR4lPxOIYUBtmQ", "expire_date": "2024-08-09T05:44:34.992Z"}}, {"model": "sessions.session", "pk": "oj3dnlzf2tmuxavxf7lsizjlaet2cwk6", "fields": {"session_data": ".eJxVj8FuwyAQRP-Fc2SRNcSQY-_9BgS7S5yWQGTgUFX999qRq8rHnXk7mvkWlRNjY3K1B4e-8a0sX-Kae0on4Xxvs-uVF3cncRVnJQ5i8PjJeXPow-dbGbDkttzDsCHD7tbhvRCnt509BMy-zuu3sXGaAEdNkSIgXADAgOTJKtB0YdTWBHseJzKj1cqg0RRIIRqWEkNcQ_-q70VX5TjoJcWyPF4AqJN4Jp__af8oPbftACnFzy_1wFsF:1sYnBe:1nKCIDysQ9hqULbDyZWBQv09XneIdFwA1nUjJYOTpy0", "expire_date": "2024-08-13T13:46:46.083Z"}}, {"model": "sessions.session", "pk": "p08ap6uoye8yo7kpduj7j1agpikhacc1", "fields": {"session_data": ".eJxVjEEOwiAQRe_C2hA6hTK4dO8ZCMyAVA0kpV0Z765NutDtf-_9l_BhW4vfelr8zOIsBi1Ov2MM9Eh1J3wP9dYktbouc5S7Ig_a5bVxel4O9--ghF6-NbpsLdBoOHMGggkAEFSyToPhKZFxGN0wWsbRGY2EhiNrIkxKUczi_QH1ezf3:1sZqJj:b0tFCWATqpmUlz_glxOzkt6qvG_bx29_ZwJUyRRCT_w", "expire_date": "2024-08-16T11:19:27.589Z"}}, {"model": "sessions.session", "pk": "rvz2qcqkscmh878p9n5oa47jkh5jiedb", "fields": {"session_data": ".eJxVjEEOwiAQRe_C2hA6hTK4dO8ZCMyAVA0kpV0Z765NutDtf-_9l_BhW4vfelr8zOIsBi1Ov2MM9Eh1J3wP9dYktbouc5S7Ig_a5bVxel4O9--ghF6-NbpsLdBoOHMGggkAEFSyToPhKZFxGN0wWsbRGY2EhiNrIkxKUczi_QH1ezf3:1sYSzY:_e8DgdXknsXT7w8N6YtjS3F2PYl4WRwrVim6t2-w3zA", "expire_date": "2024-08-12T16:12:56.691Z"}}, {"model": "sessions.session", "pk": "vgcvgajqs4yxbl46hk463wbwa912bh7m", "fields": {"session_data": ".eJxVjEEOwiAQRe_C2pBCBwdcuu8ZmhkGpGpoUtqV8e7apAvd_vfef6mRtrWMW0vLOIm6KOvV6Xdkio9UdyJ3qrdZx7muy8R6V_RBmx5mSc_r4f4dFGrlW5O40CUDEa0E6FJnfTZkHYrv2XmAPsI5oOHImLMgRAgciA25TIig3h__3zgT:1sZ5Ib:XcSVBGEp1E8-QLj31TwGJswJrIPBjwXBShAtrmiKiak", "expire_date": "2024-08-14T09:07:09.320Z"}}, {"model": "sessions.session", "pk": "wae11n1z4vfl8sr7m6g45rbkew5tl5dc", "fields": {"session_data": ".eJxVjMsOwiAQRf-FtSGFDg64dN9vIDMMSNXQpI-V8d-1SRe6veec-1KRtrXGbclzHEVdlEV1-h2Z0iO3ncid2m3SaWrrPLLeFX3QRQ-T5Of1cP8OKi31W5O40GUDCa0E6HJnfTFkHYrv2XmAPsE5oOHEWIogJAgciA25Qoig3h__RjgS:1sYfaT:3YrrmdYsFb9ipBG5O1RLXBsS2TqxgRXTBBwvoBp88ek", "expire_date": "2024-08-13T05:39:53.343Z"}}, {"model": "sessions.session", "pk": "x0uevf7vpl7okd08uuh9i7rskkmdxydk", "fields": {"session_data": ".eJxVjEEOwiAQRe_C2hA6hTK4dO8ZCMyAVA0kpV0Z765NutDtf-_9l_BhW4vfelr8zOIsBi1Ov2MM9Eh1J3wP9dYktbouc5S7Ig_a5bVxel4O9--ghF6-NbpsLdBoOHMGggkAEFSyToPhKZFxGN0wWsbRGY2EhiNrIkxKUczi_QH1ezf3:1saQS0:TecLXOsF1k2YnKHCiSkw-p5AX-uBFf7b8V8yJy8v_HI", "expire_date": "2024-08-18T01:54:24.055Z"}}, {"model": "users.countrycode", "pk": 1, "fields": {"created_at": "2024-07-25T04:05:19.100Z", "updated_at": "2024-07-25T04:05:19.100Z", "name": "Dubai", "country_code": "AE", "country_phone_code": "971"}}, {"model": "users.countrycode", "pk": 4, "fields": {"created_at": "2024-08-05T06:10:38.794Z", "updated_at": "2024-08-05T06:10:38.794Z", "name": "India", "country_code": "IN", "country_phone_code": "91"}}, {"model": "users.usermodel", "pk": 14, "fields": {"password": "pbkdf2_sha256$720000$pfcwLAB85MOxzZp7E2It9f$hStD8Ma5WovIKRPyl4XzMvOnD6kxq2NRO5UVk8hPRqg=", "last_login": "2024-08-04T01:54:24.052Z", "created_at": "2024-07-29T15:08:22.471Z", "updated_at": "2024-08-05T05:25:08.980Z", "mobile_number": "509144885", "full_name": "Super Admin", "otp": "337051", "user_verify": false, "email": "pr@gmail.com", "role": "user", "country_code": 1, "is_staff": true, "is_superuser": true, "is_active": true, "profile_image": "static/Screenshot_2024-05-31_at_6.01.32PM.png", "groups": [], "user_permissions": []}}, {"model": "users.usermodel", "pk": 26, "fields": {"password": "", "last_login": "2024-07-29T16:17:15.168Z", "created_at": "2024-07-29T16:16:59.011Z", "updated_at": "2024-07-29T16:17:15.158Z", "mobile_number": "509144883", "full_name": "priyanshu shah", "otp": "750747", "user_verify": true, "email": "remon@gmail.com", "role": "user", "country_code": 1, "is_staff": false, "is_superuser": false, "is_active": true, "profile_image": "", "groups": [], "user_permissions": []}}, {"model": "users.usermodel", "pk": 28, "fields": {"password": "", "last_login": "2024-08-05T06:07:36.632Z", "created_at": "2024-07-31T09:07:09.295Z", "updated_at": "2024-08-03T16:38:41.998Z", "mobile_number": "509144886", "full_name": "Priyanshu Shah", "otp": null, "user_verify": true, "email": "priyanshushah64@gmail.com", "role": "user", "country_code": 1, "is_staff": false, "is_superuser": false, "is_active": true, "profile_image": "", "groups": [], "user_permissions": []}}, {"model": "users.titledescription", "pk": 1, "fields": {"created_at": "2024-07-31T16:17:02.056Z", "updated_at": "2024-07-31T16:17:02.056Z", "home_page_title": "Online Classified Website Check", "home_page_description": "Discover endless possibilities in your local community. Buy, sell, and connect with ease on our secure, user-friendly platform. Start exploring and find what you need today."}}, {"model": "users.titledescriptionstate", "pk": 1, "fields": {"created_at": "2024-07-27T07:39:06.629Z", "updated_at": "2024-07-27T07:39:06.630Z", "country_code": 1, "title": "Find Anything Around You", "description": "Lorem Ipsum is simply dummy text of the printing and typesetting industry. Lorem Ipsum has been the industry's standard dummy."}}, {"model": "features.state", "pk": 1, "fields": {"created_at": "2024-07-25T04:05:26.864Z", "updated_at": "2024-07-25T04:05:26.864Z", "country": 1, "state": "Dubai"}}, {"model": "features.state", "pk": 2, "fields": {"created_at": "2024-07-25T04:05:33.882Z", "updated_at": "2024-07-25T04:05:33.882Z", "country": 1, "state": "Sharjah"}}, {"model": "features.state", "pk": 3, "fields": {"created_at": "2024-07-25T04:05:38.846Z", "updated_at": "2024-07-25T04:05:38.846Z", "country": 1, "state": "Abu Dhabi"}}, {"model": "features.state", "pk": 4, "fields": {"created_at": "2024-07-25T04:05:44.511Z", "updated_at": "2024-07-25T04:05:44.511Z", "country": 1, "state": "Umm Al Quwain"}}, {"model": "features.state", "pk": 5, "fields": {"created_at": "2024-07-25T04:05:54.659Z", "updated_at": "2024-07-25T04:05:54.659Z", "country": 1, "state": "Ajman"}}, {"model": "features.state", "pk": 6, "fields": {"created_at": "2024-07-25T04:06:30.425Z", "updated_at": "2024-07-25T04:06:30.425Z", "country": 1, "state": "Al Ain"}}, {"model": "features.state", "pk": 7, "fields": {"created_at": "2024-07-25T04:06:35.231Z", "updated_at": "2024-07-25T04:06:35.231Z", "country": 1, "state": "Ras Al Khaimah"}}, {"model": "features.state", "pk": 8, "fields": {"created_at": "2024-07-25T04:06:43.087Z", "updated_at": "2024-07-25T04:06:43.087Z", "country": 1, "state": "Fujairah"}}, {"model": "features.city", "pk": 1, "fields": {"created_at": "2024-07-25T04:06:59.620Z", "updated_at": "2024-07-25T04:06:59.620Z", "state": 1, "city": "Dubai"}}, {"model": "features.category", "pk": 1, "fields": {"created_at": "2024-07-25T04:10:22.427Z", "updated_at": "2024-07-25T04:10:22.427Z", "ad_type": "Properties", "category_name": "Properties", "image": "category-img/real.png", "state": [5, 4, 3, 2, 1]}}, {"model": "features.category", "pk": 3, "fields": {"created_at": "2024-07-31T13:34:27.991Z", "updated_at": "2024-07-31T13:34:27.991Z", "ad_type": "Article", "category_name": "Article1", "image": "category-img/car_aPmSHQh.png", "state": [6, 5, 4, 3, 2, 1]}}, {"model": "features.category", "pk": 4, "fields": {"created_at": "2024-07-31T13:34:31.104Z", "updated_at": "2024-07-31T13:34:31.104Z", "ad_type": "Article", "category_name": "Article2", "image": "category-img/car_uZH8kRb.png", "state": [6, 5, 4, 3, 2, 1]}}, {"model": "features.category", "pk": 5, "fields": {"created_at": "2024-07-31T13:34:33.950Z", "updated_at": "2024-07-31T13:34:33.950Z", "ad_type": "Article", "category_name": "Article3", "image": "category-img/car_YqCSOZV.png", "state": [6, 5, 4, 3, 2, 1]}}, {"model": "features.category", "pk": 6, "fields": {"created_at": "2024-07-31T13:34:36.915Z", "updated_at": "2024-07-31T13:34:36.915Z", "ad_type": "Article", "category_name": "Article5", "image": "category-img/car_9jGunRo.png", "state": [6, 5, 4, 3, 2, 1]}}, {"model": "features.category", "pk": 7, "fields": {"created_at": "2024-07-31T13:34:40.186Z", "updated_at": "2024-07-31T13:34:40.186Z", "ad_type": "Article", "category_name": "Article6", "image": "category-img/car_SjOqbiD.png", "state": [6, 5, 4, 3, 2, 1]}}, {"model": "features.category", "pk": 8, "fields": {"created_at": "2024-07-31T13:34:43.094Z", "updated_at": "2024-07-31T13:34:43.094Z", "ad_type": "Article", "category_name": "Article7", "image": "category-img/car_dMqN0SI.png", "state": [6, 5, 4, 3, 2, 1]}}, {"model": "features.category", "pk": 9, "fields": {"created_at": "2024-07-31T13:34:46.507Z", "updated_at": "2024-07-31T13:34:46.507Z", "ad_type": "Article", "category_name": "Article8", "image": "category-img/car_qdM1Pee.png", "state": [6, 5, 4, 3, 2, 1]}}, {"model": "features.subcategorymodel", "pk": 1, "fields": {"created_at": "2024-07-25T04:11:17.573Z", "updated_at": "2024-07-25T04:11:17.573Z", "category": 1, "sub_category": "Apartments", "image": "sub-category-img/real.png"}}, {"model": "features.subcategorymodel", "pk": 2, "fields": {"created_at": "2024-07-25T05:46:14.417Z", "updated_at": "2024-07-25T05:46:14.417Z", "category": 1, "sub_category": "Government", "image": "sub-category-img/furniture.png"}}, {"model": "features.subcategorytype", "pk": 1, "fields": {"created_at": "2024-07-25T04:12:16.784Z", "updated_at": "2024-07-25T04:12:16.784Z", "sub_category": 1, "type_name": "New"}}, {"model": "features.subcategorytype", "pk": 2, "fields": {"created_at": "2024-07-25T04:12:23.314Z", "updated_at": "2024-07-25T04:12:23.314Z", "sub_category": 1, "type_name": "Used"}}, {"model": "features.fuelmodel", "pk": 1, "fields": {"created_at": "2024-08-03T16:40:19.706Z", "updated_at": "2024-08-03T16:40:19.706Z", "sub_category": 1, "name": "Yes"}}, {"model": "features.listedbymodel", "pk": 1, "fields": {"created_at": "2024-08-03T16:40:07.759Z", "updated_at": "2024-08-03T16:40:07.759Z", "sub_category": 1, "name": "Owner"}}, {"model": "features.enquirytypemodel", "pk": 1, "fields": {"created_at": "2024-08-03T07:27:05.405Z", "updated_at": "2024-08-03T07:46:22.369Z", "sub_category": 1, "name": "forms"}}, {"model": "features.enquirytypemodel", "pk": 2, "fields": {"created_at": "2024-08-03T07:27:13.866Z", "updated_at": "2024-08-03T07:51:19.414Z", "sub_category": 1, "name": "Call"}}, {"model": "features.enquirytypemodel", "pk": 3, "fields": {"created_at": "2024-08-03T07:51:14.478Z", "updated_at": "2024-08-03T07:51:14.478Z", "sub_category": 1, "name": "Link"}}, {"model": "features.roomsmodel", "pk": 1, "fields": {"created_at": "2024-08-03T16:39:06.558Z", "updated_at": "2024-08-03T16:39:06.558Z", "sub_category": 1, "name": "4"}}, {"model": "features.furnituremodel", "pk": 1, "fields": {"created_at": "2024-08-03T16:39:25.255Z", "updated_at": "2024-08-03T16:39:25.255Z", "sub_category": 1, "name": "Semi"}}, {"model": "features.constructiontypemodel", "pk": 1, "fields": {"created_at": "2024-08-03T15:19:39.560Z", "updated_at": "2024-08-03T15:19:39.560Z", "sub_category": 1, "name": "Square"}}, {"model": "features.carparkingmodel", "pk": 1, "fields": {"created_at": "2024-08-03T16:39:39.095Z", "updated_at": "2024-08-03T16:39:39.095Z", "sub_category": 1, "name": "Yes"}}, {"model": "features.areaunitmodel", "pk": 2, "fields": {"created_at": "2024-08-03T16:40:51.811Z", "updated_at": "2024-08-03T16:40:51.811Z", "sub_category": 1, "name": "SqFt"}}, {"model": "features.tagsmodel", "pk": 1, "fields": {"created_at": "2024-07-25T04:31:20.372Z", "updated_at": "2024-07-25T04:31:20.372Z", "category": 1, "name": "Recommended"}}, {"model": "features.tagsmodel", "pk": 2, "fields": {"created_at": "2024-08-04T06:28:04.642Z", "updated_at": "2024-08-04T06:28:04.642Z", "category": 1, "name": "Luxury"}}, {"model": "features.tagsmodel", "pk": 3, "fields": {"created_at": "2024-08-04T06:28:25.516Z", "updated_at": "2024-08-04T06:28:25.516Z", "category": 1, "name": "Beach Side"}}, {"model": "features.planfeaturesmodel", "pk": 2, "fields": {"created_at": "2024-08-04T02:04:03.965Z", "updated_at": "2024-08-04T02:04:03.965Z", "name": "Multi-step Zap"}}, {"model": "features.planfeaturesmodel", "pk": 3, "fields": {"created_at": "2024-08-04T02:04:15.914Z", "updated_at": "2024-08-04T02:04:15.914Z", "name": "Unlimited Premium Apps"}}, {"model": "features.planfeaturesmodel", "pk": 4, "fields": {"created_at": "2024-08-04T02:04:28.723Z", "updated_at": "2024-08-04T02:04:28.723Z", "name": "Custom Data Retention"}}, {"model": "features.plancreation", "pk": 1, "fields": {"created_at": "2024-07-25T04:33:24.473Z", "updated_at": "2024-08-04T02:04:48.016Z", "category": 1, "validity_type": "Days", "plan_type": "Normal", "validity": 20, "price": 1200, "plan_title": "Starter", "description": "Starter", "plan_feature": [4, 3]}}, {"model": "features.transactionmodel", "pk": 1, "fields": {"created_at": "2024-07-25T04:34:42.708Z", "updated_at": "2024-07-25T04:34:42.708Z", "plan_id": null, "user": null, "amount": 120000.0, "status": "Success", "transaction_detail": {"id": "ch_3PgJNyFYlJGmN1Ip0jQSL58B", "paid": true, "order": null, "amount": 120000, "object": "charge", "review": null, "source": {"id": "card_1PgJNwFYlJGmN1IpAcyAbRAU", "name": null, "brand": "Visa", "last4": "4242", "object": "card", "wallet": null, "country": "US", "funding": "credit", "customer": null, "exp_year": 2034, "metadata": {}, "cvc_check": "pass", "exp_month": 12, "address_zip": null, "fingerprint": "NUj3JkaS2pXIfo6E", "address_city": null, "address_line1": null, "address_line2": null, "address_state": null, "dynamic_last4": null, "address_country": null, "address_zip_check": null, "address_line1_check": null, "tokenization_method": null}, "status": "succeeded", "created": 1721882078, "dispute": null, "invoice": null, "outcome": {"type": "authorized", "reason": null, "risk_level": "normal", "risk_score": 55, "network_status": "approved_by_network", "seller_message": "Payment complete."}, "captured": true, "currency": "usd", "customer": null, "disputed": false, "livemode": false, "metadata": {}, "refunded": false, "shipping": null, "application": null, "description": "Example charge", "destination": null, "receipt_url": "https://pay.stripe.com/receipts/payment/CAcaFwoVYWNjdF8xUE5mb1ZGWWxKR21OMUlwKN-rh7UGMgbFooDd0bo6LBYFxtYMdzPOALjY89W75pW0V9H0FT0wel8ULwFf7deF6SDG267QmMj6GHzD", "failure_code": null, "on_behalf_of": null, "fraud_details": {}, "receipt_email": null, "transfer_data": null, "payment_intent": null, "payment_method": "card_1PgJNwFYlJGmN1IpAcyAbRAU", "receipt_number": null, "transfer_group": null, "amount_captured": 120000, "amount_refunded": 0, "application_fee": null, "billing_details": {"name": null, "email": null, "phone": null, "address": {"city": null, "line1": null, "line2": null, "state": null, "country": null, "postal_code": null}}, "failure_message": null, "source_transfer": null, "balance_transaction": "txn_3PgJNyFYlJGmN1Ip0mw8ob4i", "statement_descriptor": null, "application_fee_amount": null, "payment_method_details": {"card": {"brand": "visa", "last4": "4242", "checks": {"cvc_check": "pass", "address_line1_check": null, "address_postal_code_check": null}, "wallet": null, "country": "US", "funding": "credit", "mandate": null, "network": "visa", "exp_year": 2034, "exp_month": 12, "fingerprint": "NUj3JkaS2pXIfo6E", "overcapture": {"status": "unavailable", "maximum_amount_capturable": 120000}, "installments": null, "multicapture": {"status": "unavailable"}, "network_token": {"used": false}, "three_d_secure": null, "amount_authorized": 120000, "extended_authorization": {"status": "disabled"}, "incremental_authorization": {"status": "unavailable"}}, "type": "card"}, "failure_balance_transaction": null, "statement_descriptor_suffix": null, "calculated_statement_descriptor": "WWW.CITYGEL.COM"}}}, {"model": "features.transactionmodel", "pk": 2, "fields": {"created_at": "2024-07-25T04:36:54.448Z", "updated_at": "2024-07-25T04:36:54.448Z", "plan_id": null, "user": null, "amount": 120000.0, "status": "Success", "transaction_detail": {"id": "ch_3PgJQ9FYlJGmN1Ip0zkXn0KO", "paid": true, "order": null, "amount": 120000, "object": "charge", "review": null, "source": {"id": "card_1PgJQ8FYlJGmN1IpYWrV9zUv", "name": null, "brand": "Visa", "last4": "4242", "object": "card", "wallet": null, "country": "US", "funding": "credit", "customer": null, "exp_year": 2034, "metadata": {}, "cvc_check": "pass", "exp_month": 12, "address_zip": null, "fingerprint": "NUj3JkaS2pXIfo6E", "address_city": null, "address_line1": null, "address_line2": null, "address_state": null, "dynamic_last4": null, "address_country": null, "address_zip_check": null, "address_line1_check": null, "tokenization_method": null}, "status": "succeeded", "created": 1721882213, "dispute": null, "invoice": null, "outcome": {"type": "authorized", "reason": null, "risk_level": "normal", "risk_score": 29, "network_status": "approved_by_network", "seller_message": "Payment complete."}, "captured": true, "currency": "usd", "customer": null, "disputed": false, "livemode": false, "metadata": {}, "refunded": false, "shipping": null, "application": null, "description": "Example charge", "destination": null, "receipt_url": "https://pay.stripe.com/receipts/payment/CAcaFwoVYWNjdF8xUE5mb1ZGWWxKR21OMUlwKOash7UGMgZRsI8CQBc6LBYwBTo45brPGtH5DMDrN6L3NZ2F_ISx5vCfD6rA_3E3z7JSYTcOzOoTF_2k", "failure_code": null, "on_behalf_of": null, "fraud_details": {}, "receipt_email": null, "transfer_data": null, "payment_intent": null, "payment_method": "card_1PgJQ8FYlJGmN1IpYWrV9zUv", "receipt_number": null, "transfer_group": null, "amount_captured": 120000, "amount_refunded": 0, "application_fee": null, "billing_details": {"name": null, "email": null, "phone": null, "address": {"city": null, "line1": null, "line2": null, "state": null, "country": null, "postal_code": null}}, "failure_message": null, "source_transfer": null, "balance_transaction": "txn_3PgJQ9FYlJGmN1Ip0hu5A8OZ", "statement_descriptor": null, "application_fee_amount": null, "payment_method_details": {"card": {"brand": "visa", "last4": "4242", "checks": {"cvc_check": "pass", "address_line1_check": null, "address_postal_code_check": null}, "wallet": null, "country": "US", "funding": "credit", "mandate": null, "network": "visa", "exp_year": 2034, "exp_month": 12, "fingerprint": "NUj3JkaS2pXIfo6E", "overcapture": {"status": "unavailable", "maximum_amount_capturable": 120000}, "installments": null, "multicapture": {"status": "unavailable"}, "network_token": {"used": false}, "three_d_secure": null, "amount_authorized": 120000, "extended_authorization": {"status": "disabled"}, "incremental_authorization": {"status": "unavailable"}}, "type": "card"}, "failure_balance_transaction": null, "statement_descriptor_suffix": null, "calculated_statement_descriptor": "WWW.CITYGEL.COM"}}}, {"model": "features.transactionmodel", "pk": 3, "fields": {"created_at": "2024-07-30T05:34:41.202Z", "updated_at": "2024-07-30T05:34:41.202Z", "plan_id": null, "user": 26, "amount": 120000.0, "status": "Success", "transaction_detail": {"id": "ch_3Pi8hoFYlJGmN1Ip1DNML3zQ", "paid": true, "order": null, "amount": 120000, "object": "charge", "review": null, "source": {"id": "card_1Pi8hkFYlJGmN1IpMoqT3klM", "name": null, "brand": "Visa", "last4": "4242", "object": "card", "wallet": null, "country": "US", "funding": "credit", "customer": null, "exp_year": 2034, "metadata": {}, "cvc_check": "pass", "exp_month": 12, "address_zip": null, "fingerprint": "NUj3JkaS2pXIfo6E", "address_city": null, "address_line1": null, "address_line2": null, "address_state": null, "dynamic_last4": null, "address_country": null, "address_zip_check": null, "address_line1_check": null, "tokenization_method": null}, "status": "succeeded", "created": 1722317680, "dispute": null, "invoice": null, "outcome": {"type": "authorized", "reason": null, "risk_level": "normal", "risk_score": 25, "network_status": "approved_by_network", "seller_message": "Payment complete."}, "captured": true, "currency": "usd", "customer": null, "disputed": false, "livemode": false, "metadata": {}, "refunded": false, "shipping": null, "application": null, "description": "Example charge", "destination": null, "receipt_url": "https://pay.stripe.com/receipts/payment/CAcaFwoVYWNjdF8xUE5mb1ZGWWxKR21OMUlwKPD2obUGMgbEa5q6B886LBaHWCZuduWi_a2hbYI6EL0PO870k2Jghqoahnfwtw9XNynwYlekivOQ12-x", "failure_code": null, "on_behalf_of": null, "fraud_details": {}, "receipt_email": null, "transfer_data": null, "payment_intent": null, "payment_method": "card_1Pi8hkFYlJGmN1IpMoqT3klM", "receipt_number": null, "transfer_group": null, "amount_captured": 120000, "amount_refunded": 0, "application_fee": null, "billing_details": {"name": null, "email": null, "phone": null, "address": {"city": null, "line1": null, "line2": null, "state": null, "country": null, "postal_code": null}}, "failure_message": null, "source_transfer": null, "balance_transaction": "txn_3Pi8hoFYlJGmN1Ip1PagU2PJ", "statement_descriptor": null, "application_fee_amount": null, "payment_method_details": {"card": {"brand": "visa", "last4": "4242", "checks": {"cvc_check": "pass", "address_line1_check": null, "address_postal_code_check": null}, "wallet": null, "country": "US", "funding": "credit", "mandate": null, "network": "visa", "exp_year": 2034, "exp_month": 12, "fingerprint": "NUj3JkaS2pXIfo6E", "overcapture": {"status": "unavailable", "maximum_amount_capturable": 120000}, "installments": null, "multicapture": {"status": "unavailable"}, "network_token": {"used": false}, "three_d_secure": null, "amount_authorized": 120000, "extended_authorization": {"status": "disabled"}, "incremental_authorization": {"status": "unavailable"}}, "type": "card"}, "failure_balance_transaction": null, "statement_descriptor_suffix": null, "calculated_statement_descriptor": "WWW.CITYGEL.COM"}}}, {"model": "features.transactionmodel", "pk": 4, "fields": {"created_at": "2024-07-30T13:44:16.390Z", "updated_at": "2024-07-30T13:44:16.391Z", "plan_id": null, "user": 14, "amount": 120000.0, "status": "Success", "transaction_detail": {"id": "ch_3PiGLbFYlJGmN1Ip1DxtCiF6", "paid": true, "order": null, "amount": 120000, "object": "charge", "review": null, "source": {"id": "card_1PiGLaFYlJGmN1IphBiosvKq", "name": null, "brand": "Visa", "last4": "4242", "object": "card", "wallet": null, "country": "US", "funding": "credit", "customer": null, "exp_year": 2034, "metadata": {}, "cvc_check": "pass", "exp_month": 12, "address_zip": null, "fingerprint": "NUj3JkaS2pXIfo6E", "address_city": null, "address_line1": null, "address_line2": null, "address_state": null, "dynamic_last4": null, "address_country": null, "address_zip_check": null, "address_line1_check": null, "tokenization_method": null}, "status": "succeeded", "created": 1722347055, "dispute": null, "invoice": null, "outcome": {"type": "authorized", "reason": null, "risk_level": "normal", "risk_score": 5, "network_status": "approved_by_network", "seller_message": "Payment complete."}, "captured": true, "currency": "usd", "customer": null, "disputed": false, "livemode": false, "metadata": {}, "refunded": false, "shipping": null, "application": null, "description": "Example charge", "destination": null, "receipt_url": "https://pay.stripe.com/receipts/payment/CAcaFwoVYWNjdF8xUE5mb1ZGWWxKR21OMUlwKLDco7UGMgZBAcvUi-c6LBZ48QCJka8ccbeCHW5oOHlUJvBaQVmWKeTeXvSTk7pC1LF1arUWjfRoSK3W", "failure_code": null, "on_behalf_of": null, "fraud_details": {}, "receipt_email": null, "transfer_data": null, "payment_intent": null, "payment_method": "card_1PiGLaFYlJGmN1IphBiosvKq", "receipt_number": null, "transfer_group": null, "amount_captured": 120000, "amount_refunded": 0, "application_fee": null, "billing_details": {"name": null, "email": null, "phone": null, "address": {"city": null, "line1": null, "line2": null, "state": null, "country": null, "postal_code": null}}, "failure_message": null, "source_transfer": null, "balance_transaction": "txn_3PiGLbFYlJGmN1Ip1yQCJDOL", "statement_descriptor": null, "application_fee_amount": null, "payment_method_details": {"card": {"brand": "visa", "last4": "4242", "checks": {"cvc_check": "pass", "address_line1_check": null, "address_postal_code_check": null}, "wallet": null, "country": "US", "funding": "credit", "mandate": null, "network": "visa", "exp_year": 2034, "exp_month": 12, "fingerprint": "NUj3JkaS2pXIfo6E", "overcapture": {"status": "unavailable", "maximum_amount_capturable": 120000}, "installments": null, "multicapture": {"status": "unavailable"}, "network_token": {"used": false}, "three_d_secure": null, "amount_authorized": 120000, "extended_authorization": {"status": "disabled"}, "incremental_authorization": {"status": "unavailable"}}, "type": "card"}, "failure_balance_transaction": null, "statement_descriptor_suffix": null, "calculated_statement_descriptor": "WWW.CITYGEL.COM"}}}, {"model": "features.transactionmodel", "pk": 5, "fields": {"created_at": "2024-08-03T16:47:06.880Z", "updated_at": "2024-08-03T16:47:06.880Z", "plan_id": 1, "user": 28, "amount": 120000.0, "status": "Success", "transaction_detail": {"id": "ch_3Pjl6jFYlJGmN1Ip0zNIJIq1", "paid": true, "order": null, "amount": 120000, "object": "charge", "review": null, "source": {"id": "card_1Pjl6hFYlJGmN1IpIgZPz6oS", "name": null, "brand": "Visa", "last4": "4242", "object": "card", "wallet": null, "country": "US", "funding": "credit", "customer": null, "exp_year": 2034, "metadata": {}, "cvc_check": "pass", "exp_month": 12, "address_zip": null, "fingerprint": "NUj3JkaS2pXIfo6E", "address_city": null, "address_line1": null, "address_line2": null, "address_state": null, "dynamic_last4": null, "address_country": null, "address_zip_check": null, "address_line1_check": null, "tokenization_method": null}, "status": "succeeded", "created": 1722703625, "dispute": null, "invoice": null, "outcome": {"type": "authorized", "reason": null, "risk_level": "normal", "risk_score": 35, "network_status": "approved_by_network", "seller_message": "Payment complete."}, "captured": true, "currency": "usd", "customer": null, "disputed": false, "livemode": false, "metadata": {}, "refunded": false, "shipping": null, "application": null, "description": "Example charge", "destination": null, "receipt_url": "https://pay.stripe.com/receipts/payment/CAcaFwoVYWNjdF8xUE5mb1ZGWWxKR21OMUlwKIq-ubUGMgYbT9SNYpA6LBY-UiBXJeCDa6gYbQjJw5Yuh7qGMYnwVvqW-aBtieSiv7rVvSn3Ovu6n-pI", "failure_code": null, "on_behalf_of": null, "fraud_details": {}, "receipt_email": null, "transfer_data": null, "payment_intent": null, "payment_method": "card_1Pjl6hFYlJGmN1IpIgZPz6oS", "receipt_number": null, "transfer_group": null, "amount_captured": 120000, "amount_refunded": 0, "application_fee": null, "billing_details": {"name": null, "email": null, "phone": null, "address": {"city": null, "line1": null, "line2": null, "state": null, "country": null, "postal_code": null}}, "failure_message": null, "source_transfer": null, "balance_transaction": "txn_3Pjl6jFYlJGmN1Ip0aNPOwcM", "statement_descriptor": null, "application_fee_amount": null, "payment_method_details": {"card": {"brand": "visa", "last4": "4242", "checks": {"cvc_check": "pass", "address_line1_check": null, "address_postal_code_check": null}, "wallet": null, "country": "US", "funding": "credit", "mandate": null, "network": "visa", "exp_year": 2034, "exp_month": 12, "fingerprint": "NUj3JkaS2pXIfo6E", "overcapture": {"status": "unavailable", "maximum_amount_capturable": 120000}, "installments": null, "multicapture": {"status": "unavailable"}, "network_token": {"used": false}, "three_d_secure": null, "amount_authorized": 120000, "extended_authorization": {"status": "disabled"}, "incremental_authorization": {"status": "unavailable"}}, "type": "card"}, "failure_balance_transaction": null, "statement_descriptor_suffix": null, "calculated_statement_descriptor": "WWW.CITYGEL.COM"}}}, {"model": "features.transactionmodel", "pk": 6, "fields": {"created_at": "2024-08-04T02:18:07.841Z", "updated_at": "2024-08-04T02:18:07.841Z", "plan_id": 1, "user": 28, "amount": 120000.0, "status": "Success", "transaction_detail": {"id": "ch_3Pju1NFYlJGmN1Ip1tvhSDgC", "paid": true, "order": null, "amount": 120000, "object": "charge", "review": null, "source": {"id": "card_1Pju1LFYlJGmN1IpUyBZxM6X", "name": null, "brand": "Visa", "last4": "4242", "object": "card", "wallet": null, "country": "US", "funding": "credit", "customer": null, "exp_year": 2034, "metadata": {}, "cvc_check": "pass", "exp_month": 12, "address_zip": null, "fingerprint": "NUj3JkaS2pXIfo6E", "address_city": null, "address_line1": null, "address_line2": null, "address_state": null, "dynamic_last4": null, "address_country": null, "address_zip_check": null, "address_line1_check": null, "tokenization_method": null}, "status": "succeeded", "created": 1722737889, "dispute": null, "invoice": null, "outcome": {"type": "authorized", "reason": null, "risk_level": "normal", "risk_score": 53, "network_status": "approved_by_network", "seller_message": "Payment complete."}, "captured": true, "currency": "usd", "customer": null, "disputed": false, "livemode": false, "metadata": {}, "refunded": false, "shipping": null, "application": null, "description": "Example charge", "destination": null, "receipt_url": "https://pay.stripe.com/receipts/payment/CAcaFwoVYWNjdF8xUE5mb1ZGWWxKR21OMUlwKOHJu7UGMgZI0kpRpZU6LBavDIfQndWRIbmTohxu9YczWSbfDHilg8inWt_sRlrqGefS7FwSKNGEst8l", "failure_code": null, "on_behalf_of": null, "fraud_details": {}, "receipt_email": null, "transfer_data": null, "payment_intent": null, "payment_method": "card_1Pju1LFYlJGmN1IpUyBZxM6X", "receipt_number": null, "transfer_group": null, "amount_captured": 120000, "amount_refunded": 0, "application_fee": null, "billing_details": {"name": null, "email": null, "phone": null, "address": {"city": null, "line1": null, "line2": null, "state": null, "country": null, "postal_code": null}}, "failure_message": null, "source_transfer": null, "balance_transaction": "txn_3Pju1NFYlJGmN1Ip1SpI1cWW", "statement_descriptor": null, "application_fee_amount": null, "payment_method_details": {"card": {"brand": "visa", "last4": "4242", "checks": {"cvc_check": "pass", "address_line1_check": null, "address_postal_code_check": null}, "wallet": null, "country": "US", "funding": "credit", "mandate": null, "network": "visa", "exp_year": 2034, "exp_month": 12, "fingerprint": "NUj3JkaS2pXIfo6E", "overcapture": {"status": "unavailable", "maximum_amount_capturable": 120000}, "installments": null, "multicapture": {"status": "unavailable"}, "network_token": {"used": false}, "three_d_secure": null, "amount_authorized": 120000, "extended_authorization": {"status": "disabled"}, "incremental_authorization": {"status": "unavailable"}}, "type": "card"}, "failure_balance_transaction": null, "statement_descriptor_suffix": null, "calculated_statement_descriptor": "WWW.CITYGEL.COM"}}}, {"model": "features.transactionmodel", "pk": 7, "fields": {"created_at": "2024-08-04T02:19:19.801Z", "updated_at": "2024-08-04T02:19:19.802Z", "plan_id": 1, "user": 28, "amount": 120000.0, "status": "Success", "transaction_detail": {"id": "ch_3Pju2XFYlJGmN1Ip0CaNjnga", "paid": true, "order": null, "amount": 120000, "object": "charge", "review": null, "source": {"id": "card_1Pju2VFYlJGmN1Ip76IGr2kx", "name": null, "brand": "Visa", "last4": "4242", "object": "card", "wallet": null, "country": "US", "funding": "credit", "customer": null, "exp_year": 2034, "metadata": {}, "cvc_check": "pass", "exp_month": 12, "address_zip": null, "fingerprint": "NUj3JkaS2pXIfo6E", "address_city": null, "address_line1": null, "address_line2": null, "address_state": null, "dynamic_last4": null, "address_country": null, "address_zip_check": null, "address_line1_check": null, "tokenization_method": null}, "status": "succeeded", "created": 1722737961, "dispute": null, "invoice": null, "outcome": {"type": "authorized", "reason": null, "risk_level": "normal", "risk_score": 31, "network_status": "approved_by_network", "seller_message": "Payment complete."}, "captured": true, "currency": "usd", "customer": null, "disputed": false, "livemode": false, "metadata": {}, "refunded": false, "shipping": null, "application": null, "description": "Example charge", "destination": null, "receipt_url": "https://pay.stripe.com/receipts/payment/CAcaFwoVYWNjdF8xUE5mb1ZGWWxKR21OMUlwKKnKu7UGMgb3L3tpul46LBYMSoit6U_M6AXOVbcwf9G9VPrzF9ojrplCPYcYjm-TqSJDQgLyBxHU-Z5T", "failure_code": null, "on_behalf_of": null, "fraud_details": {}, "receipt_email": null, "transfer_data": null, "payment_intent": null, "payment_method": "card_1Pju2VFYlJGmN1Ip76IGr2kx", "receipt_number": null, "transfer_group": null, "amount_captured": 120000, "amount_refunded": 0, "application_fee": null, "billing_details": {"name": null, "email": null, "phone": null, "address": {"city": null, "line1": null, "line2": null, "state": null, "country": null, "postal_code": null}}, "failure_message": null, "source_transfer": null, "balance_transaction": "txn_3Pju2XFYlJGmN1Ip0o3TpV98", "statement_descriptor": null, "application_fee_amount": null, "payment_method_details": {"card": {"brand": "visa", "last4": "4242", "checks": {"cvc_check": "pass", "address_line1_check": null, "address_postal_code_check": null}, "wallet": null, "country": "US", "funding": "credit", "mandate": null, "network": "visa", "exp_year": 2034, "exp_month": 12, "fingerprint": "NUj3JkaS2pXIfo6E", "overcapture": {"status": "unavailable", "maximum_amount_capturable": 120000}, "installments": null, "multicapture": {"status": "unavailable"}, "network_token": {"used": false}, "three_d_secure": null, "amount_authorized": 120000, "extended_authorization": {"status": "disabled"}, "incremental_authorization": {"status": "unavailable"}}, "type": "card"}, "failure_balance_transaction": null, "statement_descriptor_suffix": null, "calculated_statement_descriptor": "WWW.CITYGEL.COM"}}}, {"model": "features.propertiessubcategory", "pk": 6, "fields": {"created_at": "2024-07-30T13:43:31.705Z", "updated_at": "2024-07-30T13:43:31.705Z", "category": 1, "user": 14, "sub_category": 1, "type": 1, "rooms": null, "furniture": null, "construction_type": null, "listed_by": null, "area": "122", "area_unit": null, "car_parking": null, "ad_title": "AUTOMOTIVE CLASSIFIEDS | DUBAI CAR CLASSIFIEDS", "description": "<p>AUTOMOTIVE CLASSIFIEDS | DUBAI CAR CLASSIFIEDS</p>", "total_price": 1222.0, "country": 1, "state": 1, "city": 1, "enquiry_type": null, "approved": true, "map_link": null, "start_date": null, "end_date": null, "transaction": null, "tags": [1]}}, {"model": "features.propertiessubcategory", "pk": 7, "fields": {"created_at": "2024-07-30T13:43:34.776Z", "updated_at": "2024-07-30T13:43:34.776Z", "category": 1, "user": 14, "sub_category": 1, "type": 1, "rooms": null, "furniture": null, "construction_type": null, "listed_by": null, "area": "122", "area_unit": null, "car_parking": null, "ad_title": "AUTOMOTIVE CLASSIFIEDS | DUBAI CAR CLASSIFIEDS", "description": "<p>AUTOMOTIVE CLASSIFIEDS | DUBAI CAR CLASSIFIEDS</p>", "total_price": 1222.0, "country": 1, "state": 1, "city": 1, "enquiry_type": null, "approved": true, "map_link": null, "start_date": null, "end_date": null, "transaction": null, "tags": [1]}}, {"model": "features.propertiessubcategory", "pk": 8, "fields": {"created_at": "2024-07-30T13:43:36.546Z", "updated_at": "2024-07-30T13:43:36.547Z", "category": 1, "user": 14, "sub_category": 1, "type": 1, "rooms": null, "furniture": null, "construction_type": null, "listed_by": null, "area": "122", "area_unit": null, "car_parking": null, "ad_title": "AUTOMOTIVE CLASSIFIEDS | DUBAI CAR CLASSIFIEDS", "description": "<p>AUTOMOTIVE CLASSIFIEDS | DUBAI CAR CLASSIFIEDS</p>", "total_price": 1222.0, "country": 1, "state": 1, "city": 1, "enquiry_type": null, "approved": true, "map_link": null, "start_date": null, "end_date": null, "transaction": null, "tags": [1]}}, {"model": "features.propertiessubcategory", "pk": 9, "fields": {"created_at": "2024-07-30T13:43:38.030Z", "updated_at": "2024-07-30T13:43:38.030Z", "category": 1, "user": 14, "sub_category": 1, "type": 1, "rooms": null, "furniture": null, "construction_type": null, "listed_by": null, "area": "122", "area_unit": null, "car_parking": null, "ad_title": "AUTOMOTIVE CLASSIFIEDS | DUBAI CAR CLASSIFIEDS", "description": "<p>AUTOMOTIVE CLASSIFIEDS | DUBAI CAR CLASSIFIEDS</p>", "total_price": 1222.0, "country": 1, "state": 1, "city": 1, "enquiry_type": null, "approved": false, "map_link": null, "start_date": null, "end_date": null, "transaction": null, "tags": [1]}}, {"model": "features.propertiessubcategory", "pk": 10, "fields": {"created_at": "2024-07-30T13:43:39.489Z", "updated_at": "2024-07-30T13:43:39.489Z", "category": 1, "user": 14, "sub_category": 1, "type": 1, "rooms": null, "furniture": null, "construction_type": null, "listed_by": null, "area": "122", "area_unit": null, "car_parking": null, "ad_title": "AUTOMOTIVE CLASSIFIEDS | DUBAI CAR CLASSIFIEDS", "description": "<p>AUTOMOTIVE CLASSIFIEDS | DUBAI CAR CLASSIFIEDS</p>", "total_price": 1222.0, "country": 1, "state": 1, "city": 1, "enquiry_type": null, "approved": false, "map_link": null, "start_date": null, "end_date": null, "transaction": null, "tags": [1]}}, {"model": "features.propertiessubcategory", "pk": 11, "fields": {"created_at": "2024-07-30T13:43:40.953Z", "updated_at": "2024-07-30T13:43:40.953Z", "category": 1, "user": 14, "sub_category": 1, "type": 1, "rooms": null, "furniture": null, "construction_type": null, "listed_by": null, "area": "122", "area_unit": null, "car_parking": null, "ad_title": "AUTOMOTIVE CLASSIFIEDS | DUBAI CAR CLASSIFIEDS", "description": "<p>AUTOMOTIVE CLASSIFIEDS | DUBAI CAR CLASSIFIEDS</p>", "total_price": 1222.0, "country": 1, "state": 1, "city": 1, "enquiry_type": null, "approved": false, "map_link": null, "start_date": null, "end_date": null, "transaction": null, "tags": [1]}}, {"model": "features.propertiessubcategory", "pk": 12, "fields": {"created_at": "2024-07-30T13:43:42.439Z", "updated_at": "2024-07-30T13:43:42.439Z", "category": 1, "user": 14, "sub_category": 1, "type": 1, "rooms": null, "furniture": null, "construction_type": null, "listed_by": null, "area": "122", "area_unit": null, "car_parking": null, "ad_title": "AUTOMOTIVE CLASSIFIEDS | DUBAI CAR CLASSIFIEDS", "description": "<p>AUTOMOTIVE CLASSIFIEDS | DUBAI CAR CLASSIFIEDS</p>", "total_price": 1222.0, "country": 1, "state": 1, "city": 1, "enquiry_type": null, "approved": true, "map_link": null, "start_date": null, "end_date": null, "transaction": null, "tags": [1]}}, {"model": "features.propertiessubcategory", "pk": 13, "fields": {"created_at": "2024-07-30T13:43:43.759Z", "updated_at": "2024-07-30T13:43:43.759Z", "category": 1, "user": 14, "sub_category": 1, "type": 1, "rooms": null, "furniture": null, "construction_type": null, "listed_by": null, "area": "122", "area_unit": null, "car_parking": null, "ad_title": "AUTOMOTIVE CLASSIFIEDS | DUBAI CAR CLASSIFIEDS", "description": "<p>AUTOMOTIVE CLASSIFIEDS | DUBAI CAR CLASSIFIEDS</p>", "total_price": 1222.0, "country": 1, "state": 1, "city": 1, "enquiry_type": null, "approved": true, "map_link": null, "start_date": null, "end_date": null, "transaction": null, "tags": [1]}}, {"model": "features.propertiessubcategory", "pk": 14, "fields": {"created_at": "2024-07-30T13:43:44.904Z", "updated_at": "2024-07-30T13:43:44.904Z", "category": 1, "user": 14, "sub_category": 1, "type": 1, "rooms": null, "furniture": null, "construction_type": null, "listed_by": null, "area": "122", "area_unit": null, "car_parking": null, "ad_title": "AUTOMOTIVE CLASSIFIEDS | DUBAI CAR CLASSIFIEDS", "description": "<p>AUTOMOTIVE CLASSIFIEDS | DUBAI CAR CLASSIFIEDS</p>", "total_price": 1222.0, "country": 1, "state": 1, "city": 1, "enquiry_type": null, "approved": true, "map_link": null, "start_date": null, "end_date": null, "transaction": null, "tags": [1]}}, {"model": "features.propertiessubcategory", "pk": 15, "fields": {"created_at": "2024-07-30T13:43:46.073Z", "updated_at": "2024-07-30T13:43:46.073Z", "category": 1, "user": 14, "sub_category": 1, "type": 1, "rooms": null, "furniture": null, "construction_type": null, "listed_by": null, "area": "122", "area_unit": null, "car_parking": null, "ad_title": "AUTOMOTIVE CLASSIFIEDS | DUBAI CAR CLASSIFIEDS", "description": "<p>AUTOMOTIVE CLASSIFIEDS | DUBAI CAR CLASSIFIEDS</p>", "total_price": 1222.0, "country": 1, "state": 1, "city": 1, "enquiry_type": null, "approved": false, "map_link": null, "start_date": null, "end_date": null, "transaction": null, "tags": [1]}}, {"model": "features.propertiessubcategory", "pk": 16, "fields": {"created_at": "2024-07-30T13:43:47.278Z", "updated_at": "2024-07-30T13:43:47.278Z", "category": 1, "user": 14, "sub_category": 1, "type": 1, "rooms": null, "furniture": null, "construction_type": null, "listed_by": null, "area": "122", "area_unit": null, "car_parking": null, "ad_title": "AUTOMOTIVE CLASSIFIEDS | DUBAI CAR CLASSIFIEDS", "description": "<p>AUTOMOTIVE CLASSIFIEDS | DUBAI CAR CLASSIFIEDS</p>", "total_price": 1222.0, "country": 1, "state": 1, "city": 1, "enquiry_type": null, "approved": false, "map_link": null, "start_date": null, "end_date": null, "transaction": null, "tags": [1]}}, {"model": "features.propertiessubcategory", "pk": 17, "fields": {"created_at": "2024-07-30T13:43:48.358Z", "updated_at": "2024-08-03T16:47:46.002Z", "category": 1, "user": 14, "sub_category": 1, "type": 1, "rooms": null, "furniture": null, "construction_type": null, "listed_by": null, "area": "122", "area_unit": null, "car_parking": null, "ad_title": "AUTOMOTIVE CLASSIFIEDS | DUBAI CAR CLASSIFIEDS", "description": "<p>AUTOMOTIVE CLASSIFIEDS | DUBAI CAR CLASSIFIEDS</p>", "total_price": 1222.0, "country": 1, "state": 1, "city": 1, "enquiry_type": null, "approved": true, "map_link": null, "start_date": null, "end_date": null, "transaction": null, "tags": [1]}}, {"model": "features.propertiessubcategory", "pk": 18, "fields": {"created_at": "2024-07-30T13:43:49.442Z", "updated_at": "2024-08-03T17:11:27.827Z", "category": 1, "user": 14, "sub_category": 1, "type": 1, "rooms": null, "furniture": null, "construction_type": null, "listed_by": null, "area": "122", "area_unit": null, "car_parking": null, "ad_title": "AUTOMOTIVE CLASSIFIEDS | DUBAI CAR CLASSIFIEDS", "description": "<p>AUTOMOTIVE CLASSIFIEDS | DUBAI CAR CLASSIFIEDS</p>", "total_price": 1222.0, "country": 1, "state": 1, "city": 1, "enquiry_type": null, "approved": true, "map_link": null, "start_date": null, "end_date": null, "transaction": null, "tags": [1]}}, {"model": "features.propertiessubcategory", "pk": 19, "fields": {"created_at": "2024-07-30T13:43:50.483Z", "updated_at": "2024-08-04T02:27:45.079Z", "category": 1, "user": 14, "sub_category": 1, "type": 1, "rooms": null, "furniture": null, "construction_type": null, "listed_by": null, "area": "122", "area_unit": null, "car_parking": null, "ad_title": "AUTOMOTIVE CLASSIFIEDS | DUBAI CAR CLASSIFIEDS", "description": "<p>AUTOMOTIVE CLASSIFIEDS | DUBAI CAR CLASSIFIEDS</p>", "total_price": 1222.0, "country": 1, "state": 1, "city": 1, "enquiry_type": null, "approved": true, "map_link": null, "start_date": null, "end_date": null, "transaction": null, "tags": [1]}}, {"model": "features.propertiessubcategory", "pk": 20, "fields": {"created_at": "2024-07-30T13:43:51.595Z", "updated_at": "2024-08-04T02:27:45.077Z", "category": 1, "user": 14, "sub_category": 1, "type": 1, "rooms": null, "furniture": null, "construction_type": null, "listed_by": null, "area": "122", "area_unit": null, "car_parking": null, "ad_title": "AUTOMOTIVE CLASSIFIEDS | DUBAI CAR CLASSIFIEDS", "description": "<p>AUTOMOTIVE CLASSIFIEDS | DUBAI CAR CLASSIFIEDS</p>", "total_price": 1222.0, "country": 1, "state": 1, "city": 1, "enquiry_type": null, "approved": true, "map_link": null, "start_date": null, "end_date": null, "transaction": null, "tags": [1]}}, {"model": "features.propertiessubcategory", "pk": 21, "fields": {"created_at": "2024-07-30T13:43:52.637Z", "updated_at": "2024-08-04T02:27:45.075Z", "category": 1, "user": 14, "sub_category": 1, "type": 1, "rooms": null, "furniture": null, "construction_type": null, "listed_by": null, "area": "122", "area_unit": null, "car_parking": null, "ad_title": "AUTOMOTIVE CLASSIFIEDS | DUBAI CAR CLASSIFIEDS", "description": "<p>AUTOMOTIVE CLASSIFIEDS | DUBAI CAR CLASSIFIEDS</p>", "total_price": 1222.0, "country": 1, "state": 1, "city": 1, "enquiry_type": null, "approved": true, "map_link": null, "start_date": null, "end_date": null, "transaction": null, "tags": [1]}}, {"model": "features.propertiessubcategory", "pk": 22, "fields": {"created_at": "2024-07-30T13:43:53.770Z", "updated_at": "2024-08-04T02:27:45.073Z", "category": 1, "user": 14, "sub_category": 1, "type": 1, "rooms": null, "furniture": null, "construction_type": null, "listed_by": null, "area": "122", "area_unit": null, "car_parking": null, "ad_title": "AUTOMOTIVE CLASSIFIEDS | DUBAI CAR CLASSIFIEDS", "description": "<p>AUTOMOTIVE CLASSIFIEDS | DUBAI CAR CLASSIFIEDS</p>", "total_price": 1222.0, "country": 1, "state": 1, "city": 1, "enquiry_type": null, "approved": true, "map_link": null, "start_date": null, "end_date": null, "transaction": null, "tags": [1]}}, {"model": "features.propertiessubcategory", "pk": 23, "fields": {"created_at": "2024-07-30T13:43:54.858Z", "updated_at": "2024-08-04T02:27:45.071Z", "category": 1, "user": 14, "sub_category": 1, "type": 1, "rooms": null, "furniture": null, "construction_type": null, "listed_by": null, "area": "122", "area_unit": null, "car_parking": null, "ad_title": "AUTOMOTIVE CLASSIFIEDS | DUBAI CAR CLASSIFIEDS", "description": "<p>AUTOMOTIVE CLASSIFIEDS | DUBAI CAR CLASSIFIEDS</p>", "total_price": 1222.0, "country": 1, "state": 1, "city": 1, "enquiry_type": null, "approved": true, "map_link": null, "start_date": null, "end_date": null, "transaction": null, "tags": [1]}}, {"model": "features.propertiessubcategory", "pk": 24, "fields": {"created_at": "2024-07-30T13:43:57.123Z", "updated_at": "2024-08-04T02:27:45.069Z", "category": 1, "user": 14, "sub_category": 1, "type": 1, "rooms": null, "furniture": null, "construction_type": null, "listed_by": null, "area": "122", "area_unit": null, "car_parking": null, "ad_title": "AUTOMOTIVE CLASSIFIEDS | DUBAI CAR CLASSIFIEDS", "description": "<p>AUTOMOTIVE CLASSIFIEDS | DUBAI CAR CLASSIFIEDS</p>", "total_price": 1222.0, "country": 1, "state": 1, "city": 1, "enquiry_type": 1, "approved": true, "map_link": null, "start_date": null, "end_date": null, "transaction": null, "tags": [1]}}, {"model": "features.propertiessubcategory", "pk": 25, "fields": {"created_at": "2024-07-31T17:04:04.235Z", "updated_at": "2024-08-04T02:27:45.068Z", "category": 1, "user": 14, "sub_category": 1, "type": 2, "rooms": null, "furniture": null, "construction_type": null, "listed_by": null, "area": "1222", "area_unit": null, "car_parking": null, "ad_title": "AUTOMOTIVE CLASSIFIEDS | DUBAI CAR CLASSIFIEDS CHECCCk", "description": "<p>AUTOMOTIVE CLASSIFIEDS | DUBAI CAR CLASSIFIEDS,&nbsp;AUTOMOTIVE CLASSIFIEDS | DUBAI CAR CLASSIFIEDS</p>", "total_price": 12232.0, "country": 1, "state": 1, "city": 1, "enquiry_type": 1, "approved": true, "map_link": null, "start_date": null, "end_date": null, "transaction": null, "tags": [1]}}, {"model": "features.propertiessubcategory", "pk": 26, "fields": {"created_at": "2024-08-03T16:41:44.920Z", "updated_at": "2024-08-04T02:27:45.065Z", "category": 1, "user": 28, "sub_category": 1, "type": 2, "rooms": 1, "furniture": 1, "construction_type": 1, "listed_by": 1, "area": "1222", "area_unit": 2, "car_parking": 1, "ad_title": "12222", "description": "<p>dewdwe</p>", "total_price": 12222.0, "country": 1, "state": 1, "city": 1, "enquiry_type": 3, "approved": true, "map_link": "https://localhost:8000", "start_date": "2024-08-04", "end_date": "2024-08-24", "transaction": 5, "tags": [1]}}, {"model": "features.propertiessubcategory", "pk": 27, "fields": {"created_at": "2024-08-03T17:10:49.679Z", "updated_at": "2024-08-04T02:27:45.044Z", "category": 1, "user": 28, "sub_category": 1, "type": 2, "rooms": 1, "furniture": 1, "construction_type": 1, "listed_by": 1, "area": "1222", "area_unit": 2, "car_parking": 1, "ad_title": "AUTOMOTIVE CLASSIFIEDS | DUBAI CAR CLASSIFIEDS", "description": "AUTOMOTIVE CLASSIFIEDS | DUBAI CAR CLASSIFIEDS\r\n\r\nAUTOMOTIVE CLASSIFIEDS | DUBAI CAR CLASSIFIEDS\r\n\r\nAUTOMOTIVE CLASSIFIEDS | DUBAI CAR CLASSIFIEDS\r\n\r\nSection 1.10.33 of \"de Finibus Bonorum et Malorum\", written by Cicero in 45 BC\r\n\r\n\"At vero eos et accusamus et iusto odio dignissimos ducimus qui blanditiis praesentium voluptatum deleniti atque corrupti quos dolores et quas molestias excepturi sint occaecati cupiditate non provident, similique sunt in culpa qui officia deserunt mollitia animi, id est laborum et dolorum fuga. Et harum quidem rerum facilis est et expedita distinctio. Nam libero tempore, cum soluta nobis est eligendi optio cumque nihil impedit quo minus id quod maxime placeat facere possimus, omnis voluptas assumenda est, omnis dolor repellendus. Temporibus autem quibusdam et aut officiis debitis aut rerum necessitatibus saepe eveniet ut et voluptates repudiandae sint et molestiae non recusandae. Itaque earum rerum hic tenetur a sapiente delectus, ut aut reiciendis voluptatibus maiores alias consequatur aut perferendis doloribus asperiores repellat.\"", "total_price": 1222.0, "country": 1, "state": 1, "city": 1, "enquiry_type": 1, "approved": true, "map_link": "https://localhost:8000", "start_date": "2024-08-04", "end_date": "2024-08-24", "transaction": 5, "tags": [1]}}, {"model": "features.propertiessubcategory", "pk": 28, "fields": {"created_at": "2024-08-04T02:05:39.682Z", "updated_at": "2024-08-04T06:29:21.705Z", "category": 1, "user": 28, "sub_category": 1, "type": 2, "rooms": 1, "furniture": 1, "construction_type": 1, "listed_by": 1, "area": "1223", "area_unit": 2, "car_parking": 1, "ad_title": "AUTOMOTIVE CLASSIFIEDS | DUBAI CAR CLASSIFIEDS", "description": "AUTOMOTIVE CLASSIFIEDS | DUBAI CAR CLASSIFIEDS\r\nAUTOMOTIVE CLASSIFIEDS | DUBAI CAR CLASSIFIEDSAUTOMOTIVE CLASSIFIEDS | DUBAI CAR CLASSIFIEDS\r\nAUTOMOTIVE CLASSIFIEDS | DUBAI CAR CLASSIFIEDSv", "total_price": 1222.0, "country": 1, "state": 1, "city": 1, "enquiry_type": 2, "approved": false, "map_link": "https://localhost:8000", "start_date": "2024-08-04", "end_date": "2024-08-24", "transaction": 7, "tags": [3, 2, 1]}}, {"model": "features.subcategoryimages", "pk": 6, "fields": {"created_at": "2024-07-30T13:43:31.725Z", "updated_at": "2024-07-30T13:43:31.725Z", "properties_sub_category": 6, "motor_sub_category": null, "general_sub_category": null, "articles_sub_category": null, "images": "uploaded-image/Screenshot_2024-07-16_at_1.27.44PM.png"}}, {"model": "features.subcategoryimages", "pk": 7, "fields": {"created_at": "2024-07-30T13:43:34.787Z", "updated_at": "2024-07-30T13:43:34.787Z", "properties_sub_category": 7, "motor_sub_category": null, "general_sub_category": null, "articles_sub_category": null, "images": "uploaded-image/Screenshot_2024-07-16_at_1.27.44PM_nrI52wg.png"}}, {"model": "features.subcategoryimages", "pk": 8, "fields": {"created_at": "2024-07-30T13:43:36.555Z", "updated_at": "2024-07-30T13:43:36.555Z", "properties_sub_category": 8, "motor_sub_category": null, "general_sub_category": null, "articles_sub_category": null, "images": "uploaded-image/Screenshot_2024-07-16_at_1.27.44PM_D2krjSf.png"}}, {"model": "features.subcategoryimages", "pk": 9, "fields": {"created_at": "2024-07-30T13:43:38.037Z", "updated_at": "2024-07-30T13:43:38.037Z", "properties_sub_category": 9, "motor_sub_category": null, "general_sub_category": null, "articles_sub_category": null, "images": "uploaded-image/Screenshot_2024-07-16_at_1.27.44PM_sPG9z7q.png"}}, {"model": "features.subcategoryimages", "pk": 10, "fields": {"created_at": "2024-07-30T13:43:39.501Z", "updated_at": "2024-07-30T13:43:39.501Z", "properties_sub_category": 10, "motor_sub_category": null, "general_sub_category": null, "articles_sub_category": null, "images": "uploaded-image/Screenshot_2024-07-16_at_1.27.44PM_42yILhv.png"}}, {"model": "features.subcategoryimages", "pk": 11, "fields": {"created_at": "2024-07-30T13:43:40.962Z", "updated_at": "2024-07-30T13:43:40.962Z", "properties_sub_category": 11, "motor_sub_category": null, "general_sub_category": null, "articles_sub_category": null, "images": "uploaded-image/Screenshot_2024-07-16_at_1.27.44PM_ArlFpBb.png"}}, {"model": "features.subcategoryimages", "pk": 12, "fields": {"created_at": "2024-07-30T13:43:42.449Z", "updated_at": "2024-07-30T13:43:42.449Z", "properties_sub_category": 12, "motor_sub_category": null, "general_sub_category": null, "articles_sub_category": null, "images": "uploaded-image/Screenshot_2024-07-16_at_1.27.44PM_liKEZtA.png"}}, {"model": "features.subcategoryimages", "pk": 13, "fields": {"created_at": "2024-07-30T13:43:43.765Z", "updated_at": "2024-07-30T13:43:43.765Z", "properties_sub_category": 13, "motor_sub_category": null, "general_sub_category": null, "articles_sub_category": null, "images": "uploaded-image/Screenshot_2024-07-16_at_1.27.44PM_kDotpJl.png"}}, {"model": "features.subcategoryimages", "pk": 14, "fields": {"created_at": "2024-07-30T13:43:44.914Z", "updated_at": "2024-07-30T13:43:44.914Z", "properties_sub_category": 14, "motor_sub_category": null, "general_sub_category": null, "articles_sub_category": null, "images": "uploaded-image/Screenshot_2024-07-16_at_1.27.44PM_vB3cH8X.png"}}, {"model": "features.subcategoryimages", "pk": 15, "fields": {"created_at": "2024-07-30T13:43:46.084Z", "updated_at": "2024-07-30T13:43:46.084Z", "properties_sub_category": 15, "motor_sub_category": null, "general_sub_category": null, "articles_sub_category": null, "images": "uploaded-image/Screenshot_2024-07-16_at_1.27.44PM_UtTuK1b.png"}}, {"model": "features.subcategoryimages", "pk": 16, "fields": {"created_at": "2024-07-30T13:43:47.291Z", "updated_at": "2024-07-30T13:43:47.291Z", "properties_sub_category": 16, "motor_sub_category": null, "general_sub_category": null, "articles_sub_category": null, "images": "uploaded-image/Screenshot_2024-07-16_at_1.27.44PM_awjMFLv.png"}}, {"model": "features.subcategoryimages", "pk": 17, "fields": {"created_at": "2024-07-30T13:43:48.368Z", "updated_at": "2024-07-30T13:43:48.368Z", "properties_sub_category": 17, "motor_sub_category": null, "general_sub_category": null, "articles_sub_category": null, "images": "uploaded-image/Screenshot_2024-07-16_at_1.27.44PM_6PofSP4.png"}}, {"model": "features.subcategoryimages", "pk": 18, "fields": {"created_at": "2024-07-30T13:43:49.453Z", "updated_at": "2024-07-30T13:43:49.453Z", "properties_sub_category": 18, "motor_sub_category": null, "general_sub_category": null, "articles_sub_category": null, "images": "uploaded-image/Screenshot_2024-07-16_at_1.27.44PM_OA37bX5.png"}}, {"model": "features.subcategoryimages", "pk": 19, "fields": {"created_at": "2024-07-30T13:43:50.495Z", "updated_at": "2024-07-30T13:43:50.495Z", "properties_sub_category": 19, "motor_sub_category": null, "general_sub_category": null, "articles_sub_category": null, "images": "uploaded-image/Screenshot_2024-07-16_at_1.27.44PM_fqnFX3C.png"}}, {"model": "features.subcategoryimages", "pk": 20, "fields": {"created_at": "2024-07-30T13:43:51.603Z", "updated_at": "2024-07-30T13:43:51.603Z", "properties_sub_category": 20, "motor_sub_category": null, "general_sub_category": null, "articles_sub_category": null, "images": "uploaded-image/Screenshot_2024-07-16_at_1.27.44PM_UGpkAAS.png"}}, {"model": "features.subcategoryimages", "pk": 21, "fields": {"created_at": "2024-07-30T13:43:52.643Z", "updated_at": "2024-07-30T13:43:52.643Z", "properties_sub_category": 21, "motor_sub_category": null, "general_sub_category": null, "articles_sub_category": null, "images": "uploaded-image/Screenshot_2024-07-16_at_1.27.44PM_iDdLm4s.png"}}, {"model": "features.subcategoryimages", "pk": 22, "fields": {"created_at": "2024-07-30T13:43:53.778Z", "updated_at": "2024-07-30T13:43:53.778Z", "properties_sub_category": 22, "motor_sub_category": null, "general_sub_category": null, "articles_sub_category": null, "images": "uploaded-image/Screenshot_2024-07-16_at_1.27.44PM_Y9BoCFj.png"}}, {"model": "features.subcategoryimages", "pk": 23, "fields": {"created_at": "2024-07-30T13:43:54.869Z", "updated_at": "2024-07-30T13:43:54.869Z", "properties_sub_category": 23, "motor_sub_category": null, "general_sub_category": null, "articles_sub_category": null, "images": "uploaded-image/Screenshot_2024-07-16_at_1.27.44PM_HXnfmBd.png"}}, {"model": "features.subcategoryimages", "pk": 24, "fields": {"created_at": "2024-07-30T13:43:57.133Z", "updated_at": "2024-07-30T13:43:57.133Z", "properties_sub_category": 24, "motor_sub_category": null, "general_sub_category": null, "articles_sub_category": null, "images": "uploaded-image/Screenshot_2024-07-16_at_1.27.44PM_S1n4cSx.png"}}, {"model": "features.subcategoryimages", "pk": 25, "fields": {"created_at": "2024-07-31T17:04:04.256Z", "updated_at": "2024-07-31T17:04:04.256Z", "properties_sub_category": 25, "motor_sub_category": null, "general_sub_category": null, "articles_sub_category": null, "images": "uploaded-image/testaj.jpg"}}, {"model": "features.subcategoryimages", "pk": 26, "fields": {"created_at": "2024-08-03T16:41:44.945Z", "updated_at": "2024-08-03T16:41:44.945Z", "properties_sub_category": 26, "motor_sub_category": null, "general_sub_category": null, "articles_sub_category": null, "images": "uploaded-image/testaj1.jpg"}}, {"model": "features.subcategoryimages", "pk": 27, "fields": {"created_at": "2024-08-03T17:10:49.695Z", "updated_at": "2024-08-03T17:10:49.695Z", "properties_sub_category": 27, "motor_sub_category": null, "general_sub_category": null, "articles_sub_category": null, "images": "uploaded-image/testaj1_kfNCJyG.jpg"}}, {"model": "features.subcategoryimages", "pk": 28, "fields": {"created_at": "2024-08-04T02:05:39.700Z", "updated_at": "2024-08-04T02:05:39.700Z", "properties_sub_category": 28, "motor_sub_category": null, "general_sub_category": null, "articles_sub_category": null, "images": "uploaded-image/testaj_tvntecX.jpg"}}, {"model": "features.footerbanners", "pk": 2, "fields": {"created_at": "2024-07-25T04:23:17.474Z", "updated_at": "2024-07-31T14:09:01.853Z", "state": null, "type": "desktop", "image": "footer-banner/testaj.jpg", "title": "Lorem Ipsum is simply dummy te", "description": "Lorem Ipsum is simply dummy text of the printing and typesetting industry. Lorem Ipsum has been the industry's standard dummy."}}, {"model": "features.footerbanners", "pk": 3, "fields": {"created_at": "2024-07-25T04:23:31.364Z", "updated_at": "2024-07-25T04:23:31.364Z", "state": null, "type": "mobile", "image": "footer-banner/Group_1000003781.png", "title": "Lorem Ipsum is simply dummy te", "description": "Lorem Ipsum is simply dummy text of the printing and typesetting industry. Lorem Ipsum has been the industry's standard dummy."}}, {"model": "features.adbanner", "pk": 1, "fields": {"created_at": "2024-07-25T04:37:22.919Z", "updated_at": "2024-07-25T04:37:22.919Z", "category": 1, "sub_category": 1, "page_type": "listing_page", "type": "desktop", "ad_side": "top", "image": "ad-banner/bottom-banner_1.jpeg", "hyper_link": "http://citygel.wooshelf.com/"}}, {"model": "features.adbanner", "pk": 2, "fields": {"created_at": "2024-07-25T04:38:15.895Z", "updated_at": "2024-07-25T04:38:15.895Z", "category": 1, "sub_category": 1, "page_type": "listing_page", "type": "desktop", "ad_side": "bottom", "image": "ad-banner/background-image_1.jpg", "hyper_link": "http://citygel.wooshelf.com/"}}, {"model": "features.adbanner", "pk": 3, "fields": {"created_at": "2024-07-25T04:38:42.937Z", "updated_at": "2024-07-25T04:38:42.937Z", "category": 1, "sub_category": 1, "page_type": "detail_page", "type": "desktop", "ad_side": "bottom", "image": "ad-banner/background-image_1_iiqgJSZ.jpg", "hyper_link": "http://citygel.wooshelf.com/"}}, {"model": "features.adbanner", "pk": 4, "fields": {"created_at": "2024-07-31T16:58:33.897Z", "updated_at": "2024-07-31T16:58:33.898Z", "category": 1, "sub_category": 1, "page_type": "ad_creation_page", "type": "desktop", "ad_side": "bottom", "image": "ad-banner/background-image_1_ip19GxV.jpg", "hyper_link": "http://citygel.wooshelf.com/"}}, {"model": "features.adbanner", "pk": 5, "fields": {"created_at": "2024-07-31T17:10:57.011Z", "updated_at": "2024-07-31T17:10:57.011Z", "category": 1, "sub_category": 1, "page_type": "ad_creation_page", "type": "desktop", "ad_side": "bottom", "image": "ad-banner/bottom-banner_5.jpeg", "hyper_link": "http://citygel.wooshelf.com/"}}, {"model": "features.adbanner", "pk": 6, "fields": {"created_at": "2024-08-01T06:12:30.558Z", "updated_at": "2024-08-01T06:12:30.558Z", "category": 1, "sub_category": 1, "page_type": "listing_page", "type": "desktop", "ad_side": "top", "image": "ad-banner/top-banner_4.png", "hyper_link": "https://wooshelf.com"}}]